,subject_id,mean_pretrain_val_accuracy,std_pretrain_val_accuracy,layer unfrozen,learning_rate,dW_min,mean_finetune_val_accuracy,std_finetune_val_accuracy,Delta_accuracy
4,1,0.95645,0.0503828343783872,fc1,0.0001,0.025,0.9564395,0.0503943334413701,-1.050000000002438e-05
5,1,0.95645,0.0503828343783872,fc1,0.0002,0.025,0.9564395,0.0503943334413701,-1.050000000002438e-05
6,1,0.95645,0.0503828343783872,fc1,0.0004,0.025,0.93560625,0.0430774647302198,-0.02084375
7,1,0.95645,0.0503828343783872,fc1,0.0006,0.025,0.93560625,0.0430774647302198,-0.02084375
8,1,0.95645,0.0503828343783872,fc1fc2,0.0001,0.025,0.9564395,0.0503943334413701,-1.050000000002438e-05
9,1,0.95645,0.0503828343783872,fc1fc2,0.0002,0.025,0.9564395,0.0503943334413701,-1.050000000002438e-05
10,1,0.95645,0.0503828343783872,fc1fc2,0.0004,0.025,0.93560625,0.0430774647302198,-0.02084375
11,1,0.95645,0.0503828343783872,fc1fc2,0.0006,0.025,0.93560625,0.0430774647302198,-0.02084375
12,1,0.95645,0.0503828343783872,fc2,0.0001,0.025,0.9564395,0.0503943334413701,-1.050000000002438e-05
13,1,0.95645,0.0503828343783872,fc2,0.0002,0.025,0.93560625,0.0430774647302198,-0.02084375
14,1,0.95645,0.0503828343783872,fc2,0.0004,0.025,0.93560625,0.0430774647302198,-0.02084375
15,1,0.95645,0.0503828343783872,fc2,0.0006,0.025,0.93560625,0.0430774647302198,-0.02084375
16,1,0.95645,0.0503828343783872,r1,0.0001,0.025,0.9564395,0.0503943334413701,-1.050000000002438e-05
17,1,0.95645,0.0503828343783872,r1,0.0002,0.025,0.93371225,0.0864598380998368,-0.02273775
18,1,0.95645,0.0503828343783872,r1,0.0004,0.025,0.9564395,0.0503943334413701,-1.050000000002438e-05
19,1,0.95645,0.0503828343783872,r1,0.0006,0.025,0.95833325,0.0833335,0.00188325
20,1,0.95645,0.0503828343783872,r1fc1fc2,0.0001,0.025,0.93371225,0.0864598380998368,-0.02273775
21,1,0.95645,0.0503828343783872,r1fc1fc2,0.0002,0.025,0.93371225,0.0864598380998368,-0.02273775
22,1,0.95645,0.0503828343783872,r1fc1fc2,0.0004,0.025,0.93371225,0.0864598380998368,-0.02273775
23,1,0.95645,0.0503828343783872,r1fc1fc2,0.0006,0.025,0.912879,0.0743556506214109,-0.043571
36,2,0.914775,0.068160075068425,fc1,0.0001,0.025,0.93560625,0.0430774647302198,0.0208312499999999
37,2,0.914775,0.068160075068425,fc1,0.0002,0.025,0.93560625,0.0430774647302198,0.0208312499999999
38,2,0.914775,0.068160075068425,fc1,0.0004,0.025,0.93560625,0.0430774647302198,0.0208312499999999
39,2,0.914775,0.068160075068425,fc1,0.0006,0.025,0.912879,0.0743556506214109,-0.001896
40,2,0.914775,0.068160075068425,fc1fc2,0.0001,0.025,0.91477275,0.0681468695508702,-2.249999999981433e-06
41,2,0.914775,0.068160075068425,fc1fc2,0.0002,0.025,0.93560625,0.0430774647302198,0.0208312499999999
42,2,0.914775,0.068160075068425,fc1fc2,0.0004,0.025,0.93560625,0.0430774647302198,0.0208312499999999
43,2,0.914775,0.068160075068425,fc1fc2,0.0006,0.025,0.912879,0.0743556506214109,-0.001896
44,2,0.914775,0.068160075068425,fc2,0.0001,0.025,0.91477275,0.0681468695508702,-2.249999999981433e-06
45,2,0.914775,0.068160075068425,fc2,0.0002,0.025,0.91477275,0.0681468695508702,-2.249999999981433e-06
46,2,0.914775,0.068160075068425,fc2,0.0004,0.025,0.912879,0.0743556506214109,-0.001896
47,2,0.914775,0.068160075068425,fc2,0.0006,0.025,0.912879,0.0743556506214109,-0.001896
48,2,0.914775,0.068160075068425,r1,0.0001,0.025,0.91477275,0.0681468695508702,-2.249999999981433e-06
49,2,0.914775,0.068160075068425,r1,0.0002,0.025,0.871212,0.0861552225656305,-0.043563
50,2,0.914775,0.068160075068425,r1,0.0004,0.025,0.91477275,0.0681468695508702,-2.249999999981433e-06
51,2,0.914775,0.068160075068425,r1,0.0006,0.025,0.91477275,0.0681468695508702,-2.249999999981433e-06
52,2,0.914775,0.068160075068425,r1fc1fc2,0.0001,0.025,0.91477275,0.0681468695508702,-2.249999999981433e-06
53,2,0.914775,0.068160075068425,r1fc1fc2,0.0002,0.025,0.91477275,0.0681468695508702,-2.249999999981433e-06
54,2,0.914775,0.068160075068425,r1fc1fc2,0.0004,0.025,0.91477275,0.0681468695508702,-2.249999999981433e-06
55,2,0.914775,0.068160075068425,r1fc1fc2,0.0006,0.025,0.93560625,0.0430774647302198,0.0208312499999999
68,3,0.979175,0.04165,fc1,0.0001,0.025,0.9583335,0.048112329982379,-0.0208415
69,3,0.979175,0.04165,fc1,0.0002,0.025,0.9583335,0.048112329982379,-0.0208415
70,3,0.979175,0.04165,fc1,0.0004,0.025,0.9583335,0.048112329982379,-0.0208415
71,3,0.979175,0.04165,fc1,0.0006,0.025,0.9583335,0.048112329982379,-0.0208415
72,3,0.979175,0.04165,fc1fc2,0.0001,0.025,0.9583335,0.048112329982379,-0.0208415
73,3,0.979175,0.04165,fc1fc2,0.0002,0.025,0.9583335,0.048112329982379,-0.0208415
74,3,0.979175,0.04165,fc1fc2,0.0004,0.025,0.9583335,0.048112329982379,-0.0208415
75,3,0.979175,0.04165,fc1fc2,0.0006,0.025,0.9583335,0.048112329982379,-0.0208415
76,3,0.979175,0.04165,fc2,0.0001,0.025,0.9583335,0.048112329982379,-0.0208415
77,3,0.979175,0.04165,fc2,0.0002,0.025,0.9583335,0.048112329982379,-0.0208415
78,3,0.979175,0.04165,fc2,0.0004,0.025,0.9583335,0.048112329982379,-0.0208415
79,3,0.979175,0.04165,fc2,0.0006,0.025,0.9583335,0.048112329982379,-0.0208415
80,3,0.979175,0.04165,r1,0.0001,0.025,0.9583335,0.048112329982379,-0.0208415
81,3,0.979175,0.04165,r1,0.0002,0.025,0.93560625,0.0430774647302198,-0.04356875
82,3,0.979175,0.04165,r1,0.0004,0.025,0.9583335,0.048112329982379,-0.0208415
83,3,0.979175,0.04165,r1,0.0006,0.025,0.9583335,0.048112329982379,-0.0208415
84,3,0.979175,0.04165,r1fc1fc2,0.0001,0.025,0.9583335,0.048112329982379,-0.0208415
85,3,0.979175,0.04165,r1fc1fc2,0.0002,0.025,0.9583335,0.048112329982379,-0.0208415
86,3,0.979175,0.04165,r1fc1fc2,0.0004,0.025,0.9583335,0.048112329982379,-0.0208415
87,3,0.979175,0.04165,r1fc1fc2,0.0006,0.025,0.9583335,0.048112329982379,-0.0208415
100,4,0.775775,0.1162417703180172,fc1,0.0001,0.025,0.80075775,0.1327725280881427,0.02498275
101,4,0.775775,0.1162417703180172,fc1,0.0002,0.025,0.821591,0.1286265047207093,0.0458159999999999
102,4,0.775775,0.1162417703180172,fc1,0.0004,0.025,0.80075775,0.1327725280881427,0.02498275
103,4,0.775775,0.1162417703180172,fc1,0.0006,0.025,0.8443182499999999,0.0859361491161703,0.0685432499999999
104,4,0.775775,0.1162417703180172,fc1fc2,0.0001,0.025,0.80075775,0.1327725280881427,0.02498275
105,4,0.775775,0.1162417703180172,fc1fc2,0.0002,0.025,0.821591,0.1286265047207093,0.0458159999999999
106,4,0.775775,0.1162417703180172,fc1fc2,0.0004,0.025,0.80075775,0.1327725280881427,0.02498275
107,4,0.775775,0.1162417703180172,fc1fc2,0.0006,0.025,0.8443182499999999,0.0859361491161703,0.0685432499999999
108,4,0.775775,0.1162417703180172,fc2,0.0001,0.025,0.798485,0.0844417442540516,0.02271
109,4,0.775775,0.1162417703180172,fc2,0.0002,0.025,0.823485,0.0986478999911638,0.04771
110,4,0.775775,0.1162417703180172,fc2,0.0004,0.025,0.823485,0.0986478999911638,0.04771
111,4,0.775775,0.1162417703180172,fc2,0.0006,0.025,0.823485,0.0986478999911638,0.04771
112,4,0.775775,0.1162417703180172,r1,0.0001,0.025,0.77575775,0.116242824358825,-1.724999999996868e-05
113,4,0.775775,0.1162417703180172,r1,0.0002,0.025,0.846212,0.0365630374649955,0.0704369999999999
114,4,0.775775,0.1162417703180172,r1,0.0004,0.025,0.80075775,0.1327725280881427,0.02498275
115,4,0.775775,0.1162417703180172,r1,0.0006,0.025,0.8443182499999999,0.0859361491161703,0.0685432499999999
116,4,0.775775,0.1162417703180172,r1fc1fc2,0.0001,0.025,0.80075775,0.1327725280881427,0.02498275
117,4,0.775775,0.1162417703180172,r1fc1fc2,0.0002,0.025,0.8670455,0.0485539789684292,0.0912705
118,4,0.775775,0.1162417703180172,r1fc1fc2,0.0004,0.025,0.8443182499999999,0.0859361491161703,0.0685432499999999
119,4,0.775775,0.1162417703180172,r1fc1fc2,0.0006,0.025,0.81931825,0.0785678373015956,0.04354325
132,5,0.64205,0.1343226091666378,fc1,0.0001,0.025,0.7102275,0.0503943334413701,0.0681775
133,5,0.64205,0.1343226091666378,fc1,0.0002,0.025,0.757576,0.0742268876755586,0.115526
134,5,0.64205,0.1343226091666378,fc1,0.0004,0.025,0.68939425,0.1143913164460047,0.0473442499999999
135,5,0.64205,0.1343226091666378,fc1,0.0006,0.025,0.7102275,0.116442477434139,0.0681775
136,5,0.64205,0.1343226091666378,fc1fc2,0.0001,0.025,0.73295475,0.0113634999999999,0.0909047499999999
137,5,0.64205,0.1343226091666378,fc1fc2,0.0002,0.025,0.757576,0.0742268876755586,0.115526
138,5,0.64205,0.1343226091666378,fc1fc2,0.0004,0.025,0.68939425,0.1143913164460047,0.0473442499999999
139,5,0.64205,0.1343226091666378,fc1fc2,0.0006,0.025,0.666667,0.0857098271611837,0.024617
140,5,0.64205,0.1343226091666378,fc2,0.0001,0.025,0.7083335,0.1195431443496447,0.0662834999999999
141,5,0.64205,0.1343226091666378,fc2,0.0002,0.025,0.7121215,0.132087714686113,0.0700714999999999
142,5,0.64205,0.1343226091666378,fc2,0.0004,0.025,0.7121215,0.132087714686113,0.0700714999999999
143,5,0.64205,0.1343226091666378,fc2,0.0006,0.025,0.689394,0.1720884145025457,0.0473439999999999
144,5,0.64205,0.1343226091666378,r1,0.0001,0.025,0.68750025,0.0953009532704158,0.04545025
145,5,0.64205,0.1343226091666378,r1,0.0002,0.025,0.755682,0.0857934928534792,0.1136319999999999
146,5,0.64205,0.1343226091666378,r1,0.0004,0.025,0.7367425,0.1108887286742886,0.0946924999999999
147,5,0.64205,0.1343226091666378,r1,0.0006,0.025,0.68750025,0.0953009532704158,0.04545025
148,5,0.64205,0.1343226091666378,r1fc1fc2,0.0001,0.025,0.73295475,0.0113634999999999,0.0909047499999999
149,5,0.64205,0.1343226091666378,r1fc1fc2,0.0002,0.025,0.68939425,0.1143913164460047,0.0473442499999999
150,5,0.64205,0.1343226091666378,r1fc1fc2,0.0004,0.025,0.691288,0.1473382959790155,0.049238
151,5,0.64205,0.1343226091666378,r1fc1fc2,0.0006,0.025,0.6458335,0.1207971200608689,0.0037834999999999
164,6,0.912875,0.0681944462548087,fc1,0.0001,0.025,0.97916675,0.0416665,0.0662917499999999
165,6,0.912875,0.0681944462548087,fc1,0.0002,0.025,1.0,0.0,0.087125
166,6,0.912875,0.0681944462548087,fc1,0.0004,0.025,1.0,0.0,0.087125
167,6,0.912875,0.0681944462548087,fc1,0.0006,0.025,1.0,0.0,0.087125
168,6,0.912875,0.0681944462548087,fc1fc2,0.0001,0.025,0.97916675,0.0416665,0.0662917499999999
169,6,0.912875,0.0681944462548087,fc1fc2,0.0002,0.025,1.0,0.0,0.087125
170,6,0.912875,0.0681944462548087,fc1fc2,0.0004,0.025,1.0,0.0,0.087125
171,6,0.912875,0.0681944462548087,fc1fc2,0.0006,0.025,1.0,0.0,0.087125
172,6,0.912875,0.0681944462548087,fc2,0.0001,0.025,0.9564395,0.0503943334413701,0.0435645
173,6,0.912875,0.0681944462548087,fc2,0.0002,0.025,0.9564395,0.0503943334413701,0.0435645
174,6,0.912875,0.0681944462548087,fc2,0.0004,0.025,0.9564395,0.0503943334413701,0.0435645
175,6,0.912875,0.0681944462548087,fc2,0.0006,0.025,0.9564395,0.0503943334413701,0.0435645
176,6,0.912875,0.0681944462548087,r1,0.0001,0.025,0.95833325,0.0833334999999999,0.04545825
177,6,0.912875,0.0681944462548087,r1,0.0002,0.025,0.95833325,0.0833334999999999,0.04545825
178,6,0.912875,0.0681944462548087,r1,0.0004,0.025,0.97916675,0.0416665,0.0662917499999999
179,6,0.912875,0.0681944462548087,r1,0.0006,0.025,0.9375,0.125,0.024625
180,6,0.912875,0.0681944462548087,r1fc1fc2,0.0001,0.025,0.95833325,0.0833334999999999,0.04545825
181,6,0.912875,0.0681944462548087,r1fc1fc2,0.0002,0.025,0.9564395,0.0503943334413701,0.0435645
182,6,0.912875,0.0681944462548087,r1fc1fc2,0.0004,0.025,0.95833325,0.0833334999999999,0.04545825
183,6,0.912875,0.0681944462548087,r1fc1fc2,0.0006,0.025,0.9564395,0.0503943334413701,0.0435645
196,7,0.93145,0.0462071062355853,fc1,0.0001,0.025,0.97727275,0.0454545,0.04582275
197,7,0.93145,0.0462071062355853,fc1,0.0002,0.025,0.97727275,0.0454545,0.04582275
198,7,0.93145,0.0462071062355853,fc1,0.0004,0.025,0.97727275,0.0454545,0.04582275
199,7,0.93145,0.0462071062355853,fc1,0.0006,0.025,0.97727275,0.0454545,0.04582275
200,7,0.93145,0.0462071062355853,fc1fc2,0.0001,0.025,0.97727275,0.0454545,0.04582275
201,7,0.93145,0.0462071062355853,fc1fc2,0.0002,0.025,0.97727275,0.0454545,0.04582275
202,7,0.93145,0.0462071062355853,fc1fc2,0.0004,0.025,0.97727275,0.0454545,0.04582275
203,7,0.93145,0.0462071062355853,fc1fc2,0.0006,0.025,0.97727275,0.0454545,0.04582275
204,7,0.93145,0.0462071062355853,fc2,0.0001,0.025,0.97727275,0.0454545,0.04582275
205,7,0.93145,0.0462071062355853,fc2,0.0002,0.025,0.97727275,0.0454545,0.04582275
206,7,0.93145,0.0462071062355853,fc2,0.0004,0.025,0.97727275,0.0454545,0.04582275
207,7,0.93145,0.0462071062355853,fc2,0.0006,0.025,0.97727275,0.0454545,0.04582275
208,7,0.93145,0.0462071062355853,r1,0.0001,0.025,0.95227275,0.0552355100478849,0.02082275
209,7,0.93145,0.0462071062355853,r1,0.0002,0.025,0.97727275,0.0454545,0.04582275
210,7,0.93145,0.0462071062355853,r1,0.0004,0.025,0.95227275,0.0552355100478849,0.02082275
211,7,0.93145,0.0462071062355853,r1,0.0006,0.025,0.95227275,0.0552355100478849,0.02082275
212,7,0.93145,0.0462071062355853,r1fc1fc2,0.0001,0.025,0.9314395,0.0462120710384923,-1.050000000002438e-05
213,7,0.93145,0.0462071062355853,r1fc1fc2,0.0002,0.025,0.95227275,0.0552355100478849,0.02082275
214,7,0.93145,0.0462071062355853,r1fc1fc2,0.0004,0.025,0.95227275,0.0552355100478849,0.02082275
215,7,0.93145,0.0462071062355853,r1fc1fc2,0.0006,0.025,0.95227275,0.0552355100478849,0.02082275
228,8,0.6485,0.1020542012853953,fc1,0.0001,0.025,0.68598475,0.1173981620763999,0.03748475
229,8,0.6485,0.1020542012853953,fc1,0.0002,0.025,0.708712,0.1354649611843102,0.060212
230,8,0.6485,0.1020542012853953,fc1,0.0004,0.025,0.7295455,0.1145484127941835,0.0810454999999999
231,8,0.6485,0.1020542012853953,fc1,0.0006,0.025,0.70871225,0.0953492891299317,0.06021225
232,8,0.6485,0.1020542012853953,fc1fc2,0.0001,0.025,0.68598475,0.1173981620763999,0.03748475
233,8,0.6485,0.1020542012853953,fc1fc2,0.0002,0.025,0.68787875,0.1147322610933094,0.03937875
234,8,0.6485,0.1020542012853953,fc1fc2,0.0004,0.025,0.70871225,0.0953492891299317,0.06021225
235,8,0.6485,0.1020542012853953,fc1fc2,0.0006,0.025,0.70871225,0.0953492891299317,0.06021225
236,8,0.6485,0.1020542012853953,fc2,0.0001,0.025,0.68598475,0.1173981620763999,0.03748475
237,8,0.6485,0.1020542012853953,fc2,0.0002,0.025,0.68598475,0.1173981620763999,0.03748475
238,8,0.6485,0.1020542012853953,fc2,0.0004,0.025,0.68598475,0.1173981620763999,0.03748475
239,8,0.6485,0.1020542012853953,fc2,0.0006,0.025,0.6651515,0.0856296942440724,0.0166515
240,8,0.6485,0.1020542012853953,r1,0.0001,0.025,0.7109847499999999,0.1027132503246294,0.0624847499999999
241,8,0.6485,0.1020542012853953,r1,0.0002,0.025,0.70871225,0.0953492891299317,0.06021225
242,8,0.6485,0.1020542012853953,r1,0.0004,0.025,0.7295455,0.1145484127941835,0.0810454999999999
243,8,0.6485,0.1020542012853953,r1,0.0006,0.025,0.7295455,0.1145484127941835,0.0810454999999999
244,8,0.6485,0.1020542012853953,r1fc1fc2,0.0001,0.025,0.68598475,0.1173981620763999,0.03748475
245,8,0.6485,0.1020542012853953,r1fc1fc2,0.0002,0.025,0.75037875,0.1066030021571469,0.10187875
246,8,0.6485,0.1020542012853953,r1fc1fc2,0.0004,0.025,0.750379,0.1436088302043668,0.101879
247,8,0.6485,0.1020542012853953,r1fc1fc2,0.0006,0.025,0.70681825,0.0990734410673045,0.05831825
260,9,0.86365,0.0908999999999999,fc1,0.0001,0.025,0.8636364999999999,0.090909,-1.3500000000110646e-05
261,9,0.86365,0.0908999999999999,fc1,0.0002,0.025,0.88825775,0.0468534766933042,0.0246077499999999
262,9,0.86365,0.0908999999999999,fc1,0.0004,0.025,0.909091,0.0742268876755586,0.0454409999999999
263,9,0.86365,0.0908999999999999,fc1,0.0006,0.025,0.909091,0.0742268876755586,0.0454409999999999
264,9,0.86365,0.0908999999999999,fc1fc2,0.0001,0.025,0.8655305,0.0547607514466337,0.0018804999999999
265,9,0.86365,0.0908999999999999,fc1fc2,0.0002,0.025,0.88825775,0.0468534766933042,0.0246077499999999
266,9,0.86365,0.0908999999999999,fc1fc2,0.0004,0.025,0.909091,0.0742268876755586,0.0454409999999999
267,9,0.86365,0.0908999999999999,fc1fc2,0.0006,0.025,0.909091,0.0742268876755586,0.0454409999999999
268,9,0.86365,0.0908999999999999,fc2,0.0001,0.025,0.8636364999999999,0.090909,-1.3500000000110646e-05
269,9,0.86365,0.0908999999999999,fc2,0.0002,0.025,0.88636375,0.0870387409390209,0.0227137499999999
270,9,0.86365,0.0908999999999999,fc2,0.0004,0.025,0.909091,0.0742268876755586,0.0454409999999999
271,9,0.86365,0.0908999999999999,fc2,0.0006,0.025,0.909091,0.0742268876755586,0.0454409999999999
272,9,0.86365,0.0908999999999999,r1,0.0001,0.025,0.8636364999999999,0.090909,-1.3500000000110646e-05
273,9,0.86365,0.0908999999999999,r1,0.0002,0.025,0.93371225,0.0443359081360695,0.0700622499999999
274,9,0.86365,0.0908999999999999,r1,0.0004,0.025,0.88825775,0.0468534766933042,0.0246077499999999
275,9,0.86365,0.0908999999999999,r1,0.0006,0.025,0.909091,0.0742268876755586,0.0454409999999999
276,9,0.86365,0.0908999999999999,r1fc1fc2,0.0001,0.025,0.8655305,0.0547607514466337,0.0018804999999999
277,9,0.86365,0.0908999999999999,r1fc1fc2,0.0002,0.025,0.93371225,0.0443359081360695,0.0700622499999999
278,9,0.86365,0.0908999999999999,r1fc1fc2,0.0004,0.025,0.910985,0.003788,0.0473349999999999
279,9,0.86365,0.0908999999999999,r1fc1fc2,0.0006,0.025,0.910985,0.003788,0.0473349999999999
292,10,0.661,0.1908184652141051,fc1,0.0001,0.025,0.64393975,0.0757574999999999,-0.01706025
293,10,0.661,0.1908184652141051,fc1,0.0002,0.025,0.68939425,0.0454544999999999,0.0283942499999999
294,10,0.661,0.1908184652141051,fc1,0.0004,0.025,0.73295475,0.0750916772102607,0.0719547499999999
295,10,0.661,0.1908184652141051,fc1,0.0006,0.025,0.79734875,0.1385037613072295,0.13634875
296,10,0.661,0.1908184652141051,fc1fc2,0.0001,0.025,0.64393975,0.0757574999999999,-0.01706025
297,10,0.661,0.1908184652141051,fc1fc2,0.0002,0.025,0.7102275,0.0503943334413701,0.0492274999999999
298,10,0.661,0.1908184652141051,fc1fc2,0.0004,0.025,0.753788,0.0912239648009227,0.0927879999999999
299,10,0.661,0.1908184652141051,fc1fc2,0.0006,0.025,0.7746215,0.1203210399847009,0.1136214999999999
300,10,0.661,0.1908184652141051,fc2,0.0001,0.025,0.64393975,0.0757574999999999,-0.01706025
301,10,0.661,0.1908184652141051,fc2,0.0002,0.025,0.62310625,0.0788206990215767,-0.03789375
302,10,0.661,0.1908184652141051,fc2,0.0004,0.025,0.62500025,0.1195434928979825,-0.03599975
303,10,0.661,0.1908184652141051,fc2,0.0006,0.025,0.7102275,0.0897174436606393,0.0492274999999999
304,10,0.661,0.1908184652141051,r1,0.0001,0.025,0.62310625,0.0788206990215767,-0.03789375
305,10,0.661,0.1908184652141051,r1,0.0002,0.025,0.6458335,0.0597719207236976,-0.0151665
306,10,0.661,0.1908184652141051,r1,0.0004,0.025,0.77651525,0.0571954926567644,0.1155152499999999
307,10,0.661,0.1908184652141051,r1,0.0006,0.025,0.7992425,0.0886718162721391,0.1382424999999999
308,10,0.661,0.1908184652141051,r1fc1fc2,0.0001,0.025,0.64393975,0.0757574999999999,-0.01706025
309,10,0.661,0.1908184652141051,r1fc1fc2,0.0002,0.025,0.7121215,0.0303029999999999,0.0511214999999999
310,10,0.661,0.1908184652141051,r1fc1fc2,0.0004,0.025,0.693182,0.2268935382200207,0.0321819999999999
311,10,0.661,0.1908184652141051,r1fc1fc2,0.0006,0.025,0.6231059999999999,0.1508035395141639,-0.037894
324,11,0.71325,0.1221071796960905,fc1,0.0001,0.025,0.7113637500000001,0.1130893713967703,-0.0018862499999999
325,11,0.71325,0.1221071796960905,fc1,0.0002,0.025,0.669697,0.1242608260582017,-0.043553
326,11,0.71325,0.1221071796960905,fc1,0.0004,0.025,0.6507575,0.1025875610539601,-0.0624925
327,11,0.71325,0.1221071796960905,fc1,0.0006,0.025,0.67348475,0.1082496503100587,-0.03976525
328,11,0.71325,0.1221071796960905,fc1fc2,0.0001,0.025,0.6905305,0.1112602956928781,-0.0227195
329,11,0.71325,0.1221071796960905,fc1fc2,0.0002,0.025,0.6488637500000001,0.112763425729489,-0.0643862499999999
330,11,0.71325,0.1221071796960905,fc1fc2,0.0004,0.025,0.69431825,0.091900245147932,-0.01893175
331,11,0.71325,0.1221071796960905,fc1fc2,0.0006,0.025,0.673485,0.1278576350451287,-0.039765
332,11,0.71325,0.1221071796960905,fc2,0.0001,0.025,0.7113637500000001,0.1130893713967703,-0.0018862499999999
333,11,0.71325,0.1221071796960905,fc2,0.0002,0.025,0.6905305,0.1112602956928781,-0.0227195
334,11,0.71325,0.1221071796960905,fc2,0.0004,0.025,0.7151514999999999,0.0929815996295324,0.0019014999999998
335,11,0.71325,0.1221071796960905,fc2,0.0006,0.025,0.735985,0.0553028767123977,0.0227349999999999
336,11,0.71325,0.1221071796960905,r1,0.0001,0.025,0.7113637500000001,0.1130893713967703,-0.0018862499999999
337,11,0.71325,0.1221071796960905,r1,0.0002,0.025,0.6924245,0.0731258401045759,-0.0208255
338,11,0.71325,0.1221071796960905,r1,0.0004,0.025,0.6488637500000001,0.112763425729489,-0.0643862499999999
339,11,0.71325,0.1221071796960905,r1,0.0006,0.025,0.6924245,0.0731258401045759,-0.0208255
340,11,0.71325,0.1221071796960905,r1fc1fc2,0.0001,0.025,0.6905305,0.1112602956928781,-0.0227195
341,11,0.71325,0.1221071796960905,r1fc1fc2,0.0002,0.025,0.71325775,0.0751832375926753,7.749999999973056e-06
342,11,0.71325,0.1221071796960905,r1fc1fc2,0.0004,0.025,0.671591,0.0922741082319412,-0.041659
343,11,0.71325,0.1221071796960905,r1fc1fc2,0.0006,0.025,0.671591,0.0922741082319412,-0.041659
356,12,0.821975,0.0075499999999999,fc1,0.0001,0.025,0.844697,0.0435194139896208,0.022722
357,12,0.821975,0.0075499999999999,fc1,0.0002,0.025,0.8655305,0.0547607514466337,0.0435554999999999
358,12,0.821975,0.0075499999999999,fc1,0.0004,0.025,0.8655305,0.0547607514466337,0.0435554999999999
359,12,0.821975,0.0075499999999999,fc1,0.0006,0.025,0.8655305,0.0547607514466337,0.0435554999999999
360,12,0.821975,0.0075499999999999,fc1fc2,0.0001,0.025,0.8655305,0.0547607514466337,0.0435554999999999
361,12,0.821975,0.0075499999999999,fc1fc2,0.0002,0.025,0.8655305,0.0547607514466337,0.0435554999999999
362,12,0.821975,0.0075499999999999,fc1fc2,0.0004,0.025,0.8655305,0.0547607514466337,0.0435554999999999
363,12,0.821975,0.0075499999999999,fc1fc2,0.0006,0.025,0.844697,0.0435194139896208,0.022722
364,12,0.821975,0.0075499999999999,fc2,0.0001,0.025,0.844697,0.0435194139896208,0.022722
365,12,0.821975,0.0075499999999999,fc2,0.0002,0.025,0.8655305,0.0547607514466337,0.0435554999999999
366,12,0.821975,0.0075499999999999,fc2,0.0004,0.025,0.8655305,0.0547607514466337,0.0435554999999999
367,12,0.821975,0.0075499999999999,fc2,0.0006,0.025,0.8655305,0.0547607514466337,0.0435554999999999
368,12,0.821975,0.0075499999999999,r1,0.0001,0.025,0.844697,0.0435194139896208,0.022722
369,12,0.821975,0.0075499999999999,r1,0.0002,0.025,0.820076,0.1303932228376919,-0.0018989999999999
370,12,0.821975,0.0075499999999999,r1,0.0004,0.025,0.8655305,0.0547607514466337,0.0435554999999999
371,12,0.821975,0.0075499999999999,r1,0.0006,0.025,0.8655305,0.0547607514466337,0.0435554999999999
372,12,0.821975,0.0075499999999999,r1fc1fc2,0.0001,0.025,0.8655305,0.0547607514466337,0.0435554999999999
373,12,0.821975,0.0075499999999999,r1fc1fc2,0.0002,0.025,0.84280325,0.0492425,0.0208282499999999
374,12,0.821975,0.0075499999999999,r1fc1fc2,0.0004,0.025,0.844697,0.0435194139896208,0.022722
375,12,0.821975,0.0075499999999999,r1fc1fc2,0.0006,0.025,0.844697,0.0435194139896208,0.022722
388,13,0.638625,0.1571416213695998,fc1,0.0001,0.025,0.684091,0.1031599617907386,0.045466
389,13,0.638625,0.1571416213695998,fc1,0.0002,0.025,0.684091,0.0775395713426377,0.045466
390,13,0.638625,0.1571416213695998,fc1,0.0004,0.025,0.746591,0.1806162186995767,0.107966
391,13,0.638625,0.1571416213695998,fc1,0.0006,0.025,0.7920455,0.1659091004566456,0.1534204999999999
392,13,0.638625,0.1571416213695998,fc1fc2,0.0001,0.025,0.68181825,0.1394157931928206,0.0431932499999999
393,13,0.638625,0.1571416213695998,fc1fc2,0.0002,0.025,0.7026515,0.1425872640514105,0.0640264999999999
394,13,0.638625,0.1571416213695998,fc1fc2,0.0004,0.025,0.76931825,0.1673556466498317,0.1306932499999999
395,13,0.638625,0.1571416213695998,fc1fc2,0.0006,0.025,0.725379,0.1820680169039398,0.086754
396,13,0.638625,0.1571416213695998,fc2,0.0001,0.025,0.68181825,0.1394157931928206,0.0431932499999999
397,13,0.638625,0.1571416213695998,fc2,0.0002,0.025,0.68181825,0.1394157931928206,0.0431932499999999
398,13,0.638625,0.1571416213695998,fc2,0.0004,0.025,0.70265175,0.17201876563789,0.06402675
399,13,0.638625,0.1571416213695998,fc2,0.0006,0.025,0.74621225,0.1778288370060285,0.10758725
400,13,0.638625,0.1571416213695998,r1,0.0001,0.025,0.684091,0.1031599617907386,0.045466
401,13,0.638625,0.1571416213695998,r1,0.0002,0.025,0.7276515,0.0965454704772143,0.0890265
402,13,0.638625,0.1571416213695998,r1,0.0004,0.025,0.81931825,0.1242261880559677,0.18069325
403,13,0.638625,0.1571416213695998,r1,0.0006,0.025,0.75037875,0.1066030021571469,0.1117537499999999
404,13,0.638625,0.1571416213695998,r1fc1fc2,0.0001,0.025,0.68181825,0.1394157931928206,0.0431932499999999
405,13,0.638625,0.1571416213695998,r1fc1fc2,0.0002,0.025,0.659091,0.1369234982876691,0.0204659999999999
406,13,0.638625,0.1571416213695998,r1fc1fc2,0.0004,0.025,0.72992425,0.0831572535075363,0.09129925
407,13,0.638625,0.1571416213695998,r1fc1fc2,0.0006,0.025,0.7026515,0.1425872640514105,0.0640264999999999
420,14,0.6678,0.1524595902744942,fc1,0.0001,0.025,0.6905305,0.1112602956928781,0.0227305
421,14,0.6678,0.1524595902744942,fc1,0.0002,0.025,0.734091,0.0692838494215402,0.0662910000000001
422,14,0.6678,0.1524595902744942,fc1,0.0004,0.025,0.6924245,0.0731258401045759,0.0246245
423,14,0.6678,0.1524595902744942,fc1,0.0006,0.025,0.734091,0.0971073858330731,0.0662910000000001
424,14,0.6678,0.1524595902744942,fc1fc2,0.0001,0.025,0.6905305,0.1112602956928781,0.0227305
425,14,0.6678,0.1524595902744942,fc1fc2,0.0002,0.025,0.734091,0.0692838494215402,0.0662910000000001
426,14,0.6678,0.1524595902744942,fc1fc2,0.0004,0.025,0.6924245,0.0731258401045759,0.0246245
427,14,0.6678,0.1524595902744942,fc1fc2,0.0006,0.025,0.734091,0.0971073858330731,0.0662910000000001
428,14,0.6678,0.1524595902744942,fc2,0.0001,0.025,0.6905305,0.1112602956928781,0.0227305
429,14,0.6678,0.1524595902744942,fc2,0.0002,0.025,0.71325775,0.0751832375926753,0.04545775
430,14,0.6678,0.1524595902744942,fc2,0.0004,0.025,0.77992425,0.1136891763138279,0.11212425
431,14,0.6678,0.1524595902744942,fc2,0.0006,0.025,0.7155305000000001,0.148918837170901,0.0477305000000001
432,14,0.6678,0.1524595902744942,r1,0.0001,0.025,0.6905305,0.1112602956928781,0.0227305
433,14,0.6678,0.1524595902744942,r1,0.0002,0.025,0.6924245,0.0731258401045759,0.0246245
434,14,0.6678,0.1524595902744942,r1,0.0004,0.025,0.7113637500000001,0.1319802959368683,0.0435637500000001
435,14,0.6678,0.1524595902744942,r1,0.0006,0.025,0.6488637500000001,0.112763425729489,-0.0189362499999998
436,14,0.6678,0.1524595902744942,r1fc1fc2,0.0001,0.025,0.6905305,0.1112602956928781,0.0227305
437,14,0.6678,0.1524595902744942,r1fc1fc2,0.0002,0.025,0.69242425,0.0998852031630144,0.02462425
438,14,0.6678,0.1524595902744942,r1fc1fc2,0.0004,0.025,0.73825775,0.1180480236242154,0.0704577500000001
439,14,0.6678,0.1524595902744942,r1fc1fc2,0.0006,0.025,0.71742425,0.1401740720589344,0.04962425
452,15,0.95645,0.0503828343783872,fc1,0.0001,0.025,0.9564395,0.0503943334413701,-1.050000000002438e-05
453,15,0.95645,0.0503828343783872,fc1,0.0002,0.025,0.97916675,0.0416665,0.0227167499999999
454,15,0.95645,0.0503828343783872,fc1,0.0004,0.025,0.9564395,0.0503943334413701,-1.050000000002438e-05
455,15,0.95645,0.0503828343783872,fc1,0.0006,0.025,0.9564395,0.0503943334413701,-1.050000000002438e-05
456,15,0.95645,0.0503828343783872,fc1fc2,0.0001,0.025,0.9564395,0.0503943334413701,-1.050000000002438e-05
457,15,0.95645,0.0503828343783872,fc1fc2,0.0002,0.025,0.97916675,0.0416665,0.0227167499999999
458,15,0.95645,0.0503828343783872,fc1fc2,0.0004,0.025,0.9564395,0.0503943334413701,-1.050000000002438e-05
459,15,0.95645,0.0503828343783872,fc1fc2,0.0006,0.025,0.9564395,0.0503943334413701,-1.050000000002438e-05
460,15,0.95645,0.0503828343783872,fc2,0.0001,0.025,0.97916675,0.0416665,0.0227167499999999
461,15,0.95645,0.0503828343783872,fc2,0.0002,0.025,0.9564395,0.0503943334413701,-1.050000000002438e-05
462,15,0.95645,0.0503828343783872,fc2,0.0004,0.025,0.9564395,0.0503943334413701,-1.050000000002438e-05
463,15,0.95645,0.0503828343783872,fc2,0.0006,0.025,0.9564395,0.0503943334413701,-1.050000000002438e-05
464,15,0.95645,0.0503828343783872,r1,0.0001,0.025,0.9564395,0.0503943334413701,-1.050000000002438e-05
465,15,0.95645,0.0503828343783872,r1,0.0002,0.025,0.9564395,0.0503943334413701,-1.050000000002438e-05
466,15,0.95645,0.0503828343783872,r1,0.0004,0.025,0.93371225,0.0864598380998368,-0.02273775
467,15,0.95645,0.0503828343783872,r1,0.0006,0.025,0.93371225,0.0864598380998368,-0.02273775
468,15,0.95645,0.0503828343783872,r1fc1fc2,0.0001,0.025,0.9564395,0.0503943334413701,-1.050000000002438e-05
469,15,0.95645,0.0503828343783872,r1fc1fc2,0.0002,0.025,0.9564395,0.0503943334413701,-1.050000000002438e-05
470,15,0.95645,0.0503828343783872,r1fc1fc2,0.0004,0.025,0.93371225,0.0864598380998368,-0.02273775
471,15,0.95645,0.0503828343783872,r1fc1fc2,0.0006,0.025,0.93371225,0.0864598380998368,-0.02273775
484,16,0.6859999999999999,0.0672561769158293,fc1,0.0001,0.025,0.6651515,0.0856296942440724,-0.0208484999999999
485,16,0.6859999999999999,0.0672561769158293,fc1,0.0002,0.025,0.621591,0.1032111999284315,-0.0644089999999999
486,16,0.6859999999999999,0.0672561769158293,fc1,0.0004,0.025,0.55719725,0.1059910895197484,-0.1288027499999999
487,16,0.6859999999999999,0.0672561769158293,fc1,0.0006,0.025,0.55719725,0.1059910895197484,-0.1288027499999999
488,16,0.6859999999999999,0.0672561769158293,fc1fc2,0.0001,0.025,0.6651515,0.0856296942440724,-0.0208484999999999
489,16,0.6859999999999999,0.0672561769158293,fc1fc2,0.0002,0.025,0.621591,0.1032111999284315,-0.0644089999999999
490,16,0.6859999999999999,0.0672561769158293,fc1fc2,0.0004,0.025,0.55719725,0.1059910895197484,-0.1288027499999999
491,16,0.6859999999999999,0.0672561769158293,fc1fc2,0.0006,0.025,0.5571969999999999,0.0444393169689483,-0.128803
492,16,0.6859999999999999,0.0672561769158293,fc2,0.0001,0.025,0.6651515,0.0856296942440724,-0.0208484999999999
493,16,0.6859999999999999,0.0672561769158293,fc2,0.0002,0.025,0.60075775,0.1383606791984269,-0.0852422499999999
494,16,0.6859999999999999,0.0672561769158293,fc2,0.0004,0.025,0.55719725,0.1059910895197484,-0.1288027499999999
495,16,0.6859999999999999,0.0672561769158293,fc2,0.0006,0.025,0.5780305,0.0718540423195986,-0.1079694999999999
496,16,0.6859999999999999,0.0672561769158293,r1,0.0001,0.025,0.685985,0.0672538091064984,-1.4999999999987246e-05
497,16,0.6859999999999999,0.0672561769158293,r1,0.0002,0.025,0.5799245,0.1121988049149068,-0.1060754999999999
498,16,0.6859999999999999,0.0672561769158293,r1,0.0004,0.025,0.59886375,0.0506368460930378,-0.0871362499999999
499,16,0.6859999999999999,0.0672561769158293,r1,0.0006,0.025,0.62803025,0.116028667639726,-0.0579697499999999
500,16,0.6859999999999999,0.0672561769158293,r1fc1fc2,0.0001,0.025,0.64431825,0.1166790289594349,-0.0416817499999999
501,16,0.6859999999999999,0.0672561769158293,r1fc1fc2,0.0002,0.025,0.57575775,0.088347953465733,-0.1102422499999999
502,16,0.6859999999999999,0.0672561769158293,r1fc1fc2,0.0004,0.025,0.55719725,0.1059910895197484,-0.1288027499999999
503,16,0.6859999999999999,0.0672561769158293,r1fc1fc2,0.0006,0.025,0.55113625,0.0936816782989965,-0.1348637499999999
516,17,0.800775,0.1327672744567224,fc1,0.0001,0.025,0.80075775,0.1327725280881427,-1.724999999996868e-05
517,17,0.800775,0.1327672744567224,fc1,0.0002,0.025,0.823485,0.0986478999911638,0.02271
518,17,0.800775,0.1327672744567224,fc1,0.0004,0.025,0.8670455,0.0485539789684292,0.0662705
519,17,0.800775,0.1327672744567224,fc1,0.0006,0.025,0.88977275,0.0382384513666109,0.0889977499999999
520,17,0.800775,0.1327672744567224,fc1fc2,0.0001,0.025,0.80075775,0.1327725280881427,-1.724999999996868e-05
521,17,0.800775,0.1327672744567224,fc1fc2,0.0002,0.025,0.823485,0.0986478999911638,0.02271
522,17,0.800775,0.1327672744567224,fc1fc2,0.0004,0.025,0.88977275,0.0382384513666109,0.0889977499999999
523,17,0.800775,0.1327672744567224,fc1fc2,0.0006,0.025,0.8670455,0.0485539789684292,0.0662705
524,17,0.800775,0.1327672744567224,fc2,0.0001,0.025,0.84621225,0.0772430920595276,0.0454372499999999
525,17,0.800775,0.1327672744567224,fc2,0.0002,0.025,0.84621225,0.0772430920595276,0.0454372499999999
526,17,0.800775,0.1327672744567224,fc2,0.0004,0.025,0.88977275,0.0382384513666109,0.0889977499999999
527,17,0.800775,0.1327672744567224,fc2,0.0006,0.025,0.88977275,0.0382384513666109,0.0889977499999999
528,17,0.800775,0.1327672744567224,r1,0.0001,0.025,0.823485,0.0986478999911638,0.02271
529,17,0.800775,0.1327672744567224,r1,0.0002,0.025,0.8670455,0.0485539789684292,0.0662705
530,17,0.800775,0.1327672744567224,r1,0.0004,0.025,0.88977275,0.0382384513666109,0.0889977499999999
531,17,0.800775,0.1327672744567224,r1,0.0006,0.025,0.9375,0.0797857083651786,0.1367249999999999
532,17,0.800775,0.1327672744567224,r1fc1fc2,0.0001,0.025,0.80075775,0.1327725280881427,-1.724999999996868e-05
533,17,0.800775,0.1327672744567224,r1fc1fc2,0.0002,0.025,0.8443182499999999,0.0859361491161703,0.0435432499999999
534,17,0.800775,0.1327672744567224,r1fc1fc2,0.0004,0.025,0.8689395,0.0795852091136705,0.0681644999999999
535,17,0.800775,0.1327672744567224,r1fc1fc2,0.0006,0.025,0.91666675,0.1178511301978758,0.1158917499999999
548,18,1.0,0.0,fc1,0.0001,0.025,1.0,0.0,0.0
549,18,1.0,0.0,fc1,0.0002,0.025,1.0,0.0,0.0
550,18,1.0,0.0,fc1,0.0004,0.025,1.0,0.0,0.0
551,18,1.0,0.0,fc1,0.0006,0.025,1.0,0.0,0.0
552,18,1.0,0.0,fc1fc2,0.0001,0.025,1.0,0.0,0.0
553,18,1.0,0.0,fc1fc2,0.0002,0.025,1.0,0.0,0.0
554,18,1.0,0.0,fc1fc2,0.0004,0.025,1.0,0.0,0.0
555,18,1.0,0.0,fc1fc2,0.0006,0.025,1.0,0.0,0.0
556,18,1.0,0.0,fc2,0.0001,0.025,1.0,0.0,0.0
557,18,1.0,0.0,fc2,0.0002,0.025,1.0,0.0,0.0
558,18,1.0,0.0,fc2,0.0004,0.025,1.0,0.0,0.0
559,18,1.0,0.0,fc2,0.0006,0.025,1.0,0.0,0.0
560,18,1.0,0.0,r1,0.0001,0.025,1.0,0.0,0.0
561,18,1.0,0.0,r1,0.0002,0.025,0.9583335,0.048112329982379,-0.0416665
562,18,1.0,0.0,r1,0.0004,0.025,0.97916675,0.0416665,-0.02083325
563,18,1.0,0.0,r1,0.0006,0.025,0.97916675,0.0416665,-0.02083325
564,18,1.0,0.0,r1fc1fc2,0.0001,0.025,1.0,0.0,0.0
565,18,1.0,0.0,r1fc1fc2,0.0002,0.025,0.97916675,0.0416665,-0.02083325
566,18,1.0,0.0,r1fc1fc2,0.0004,0.025,0.97916675,0.0416665,-0.02083325
567,18,1.0,0.0,r1fc1fc2,0.0006,0.025,0.97916675,0.0416665,-0.02083325
580,19,0.86895,0.0795933204902689,fc1,0.0001,0.025,0.82537875,0.0615503864237802,-0.0435712499999999
581,19,0.86895,0.0795933204902689,fc1,0.0002,0.025,0.846212,0.0365630374649955,-0.022738
582,19,0.86895,0.0795933204902689,fc1,0.0004,0.025,0.82537875,0.0615503864237802,-0.0435712499999999
583,19,0.86895,0.0795933204902689,fc1,0.0006,0.025,0.8045455,0.0712926804167159,-0.0644044999999999
584,19,0.86895,0.0795933204902689,fc1fc2,0.0001,0.025,0.846212,0.0365630374649955,-0.022738
585,19,0.86895,0.0795933204902689,fc1fc2,0.0002,0.025,0.846212,0.0365630374649955,-0.022738
586,19,0.86895,0.0795933204902689,fc1fc2,0.0004,0.025,0.846212,0.0365630374649955,-0.022738
587,19,0.86895,0.0795933204902689,fc1fc2,0.0006,0.025,0.84621225,0.0772430920595276,-0.02273775
588,19,0.86895,0.0795933204902689,fc2,0.0001,0.025,0.82537875,0.0615503864237802,-0.0435712499999999
589,19,0.86895,0.0795933204902689,fc2,0.0002,0.025,0.846212,0.0365630374649955,-0.022738
590,19,0.86895,0.0795933204902689,fc2,0.0004,0.025,0.82537875,0.0615503864237802,-0.0435712499999999
591,19,0.86895,0.0795933204902689,fc2,0.0006,0.025,0.82537875,0.0615503864237802,-0.0435712499999999
592,19,0.86895,0.0795933204902689,r1,0.0001,0.025,0.848106,0.0736097507716652,-0.0208439999999999
593,19,0.86895,0.0795933204902689,r1,0.0002,0.025,0.8670455,0.0485539789684292,-0.0019044999999999
594,19,0.86895,0.0795933204902689,r1,0.0004,0.025,0.80037875,0.0362450006058306,-0.0685712499999999
595,19,0.86895,0.0795933204902689,r1,0.0006,0.025,0.80037875,0.0362450006058306,-0.0685712499999999
596,19,0.86895,0.0795933204902689,r1fc1fc2,0.0001,0.025,0.82537875,0.0615503864237802,-0.0435712499999999
597,19,0.86895,0.0795933204902689,r1fc1fc2,0.0002,0.025,0.846212,0.0365630374649955,-0.022738
598,19,0.86895,0.0795933204902689,r1fc1fc2,0.0004,0.025,0.80037875,0.0362450006058306,-0.0685712499999999
599,19,0.86895,0.0795933204902689,r1fc1fc2,0.0006,0.025,0.846212,0.0365630374649955,-0.022738
612,20,0.875,0.1443375672974064,fc1,0.0001,0.025,0.875,0.1443375672974064,0.0
613,20,0.875,0.1443375672974064,fc1,0.0002,0.025,0.89583325,0.1250000555556542,0.02083325
614,20,0.875,0.1443375672974064,fc1,0.0004,0.025,0.89583325,0.1250000555556542,0.02083325
615,20,0.875,0.1443375672974064,fc1,0.0006,0.025,0.89583325,0.1250000555556542,0.02083325
616,20,0.875,0.1443375672974064,fc1fc2,0.0001,0.025,0.875,0.1443375672974064,0.0
617,20,0.875,0.1443375672974064,fc1fc2,0.0002,0.025,0.89583325,0.1250000555556542,0.02083325
618,20,0.875,0.1443375672974064,fc1fc2,0.0004,0.025,0.89583325,0.1250000555556542,0.02083325
619,20,0.875,0.1443375672974064,fc1fc2,0.0006,0.025,0.89583325,0.1250000555556542,0.02083325
620,20,0.875,0.1443375672974064,fc2,0.0001,0.025,0.875,0.1443375672974064,0.0
621,20,0.875,0.1443375672974064,fc2,0.0002,0.025,0.875,0.1443375672974064,0.0
622,20,0.875,0.1443375672974064,fc2,0.0004,0.025,0.875,0.1443375672974064,0.0
623,20,0.875,0.1443375672974064,fc2,0.0006,0.025,0.875,0.1443375672974064,0.0
624,20,0.875,0.1443375672974064,r1,0.0001,0.025,0.875,0.1443375672974064,0.0
625,20,0.875,0.1443375672974064,r1,0.0002,0.025,0.82727275,0.1122711190062549,-0.04772725
626,20,0.875,0.1443375672974064,r1,0.0004,0.025,0.875,0.1443375672974064,0.0
627,20,0.875,0.1443375672974064,r1,0.0006,0.025,0.9166665,0.0962252373150273,0.0416665
628,20,0.875,0.1443375672974064,r1fc1fc2,0.0001,0.025,0.9166665,0.0962252373150273,0.0416665
629,20,0.875,0.1443375672974064,r1fc1fc2,0.0002,0.025,0.89583325,0.1250000555556542,0.02083325
630,20,0.875,0.1443375672974064,r1fc1fc2,0.0004,0.025,0.9166665,0.0962252373150273,0.0416665
631,20,0.875,0.1443375672974064,r1fc1fc2,0.0006,0.025,0.9166665,0.0962252373150273,0.0416665
644,21,0.7557,0.085785546568172,fc1,0.0001,0.025,0.8011365,0.1330078525614183,0.0454364999999999
645,21,0.7557,0.085785546568172,fc1,0.0002,0.025,0.7784092499999999,0.172462756989009,0.0227092499999999
646,21,0.7557,0.085785546568172,fc1,0.0004,0.025,0.82196975,0.1965319418777772,0.06626975
647,21,0.7557,0.085785546568172,fc1,0.0006,0.025,0.7992425000000001,0.1881776959976926,0.0435425
648,21,0.7557,0.085785546568172,fc1fc2,0.0001,0.025,0.8011365,0.1330078525614183,0.0454364999999999
649,21,0.7557,0.085785546568172,fc1fc2,0.0002,0.025,0.7784092499999999,0.172462756989009,0.0227092499999999
650,21,0.7557,0.085785546568172,fc1fc2,0.0004,0.025,0.82196975,0.1965319418777772,0.06626975
651,21,0.7557,0.085785546568172,fc1fc2,0.0006,0.025,0.82196975,0.1965319418777772,0.06626975
652,21,0.7557,0.085785546568172,fc2,0.0001,0.025,0.82196975,0.1287877352943593,0.06626975
653,21,0.7557,0.085785546568172,fc2,0.0002,0.025,0.844697,0.1547012049403623,0.0889969999999999
654,21,0.7557,0.085785546568172,fc2,0.0004,0.025,0.7992425000000001,0.1881776959976926,0.0435425
655,21,0.7557,0.085785546568172,fc2,0.0006,0.025,0.82196975,0.1965319418777772,0.06626975
656,21,0.7557,0.085785546568172,r1,0.0001,0.025,0.846591,0.130393222837692,0.0908909999999999
657,21,0.7557,0.085785546568172,r1,0.0002,0.025,0.82386375,0.1621724108479922,0.0681637499999999
658,21,0.7557,0.085785546568172,r1,0.0004,0.025,0.84280325,0.2024654039194103,0.0871032499999999
659,21,0.7557,0.085785546568172,r1,0.0006,0.025,0.820076,0.1831154966790086,0.0643759999999999
660,21,0.7557,0.085785546568172,r1fc1fc2,0.0001,0.025,0.82386375,0.0988483600180094,0.0681637499999999
661,21,0.7557,0.085785546568172,r1fc1fc2,0.0002,0.025,0.82196975,0.1965319418777772,0.06626975
662,21,0.7557,0.085785546568172,r1fc1fc2,0.0004,0.025,0.7992425,0.1729196761996736,0.0435424999999999
663,21,0.7557,0.085785546568172,r1fc1fc2,0.0006,0.025,0.820076,0.1303932228376919,0.0643759999999999
676,22,1.0,0.0,fc1,0.0001,0.025,1.0,0.0,0.0
677,22,1.0,0.0,fc1,0.0002,0.025,1.0,0.0,0.0
678,22,1.0,0.0,fc1,0.0004,0.025,1.0,0.0,0.0
679,22,1.0,0.0,fc1,0.0006,0.025,1.0,0.0,0.0
680,22,1.0,0.0,fc1fc2,0.0001,0.025,1.0,0.0,0.0
681,22,1.0,0.0,fc1fc2,0.0002,0.025,1.0,0.0,0.0
682,22,1.0,0.0,fc1fc2,0.0004,0.025,1.0,0.0,0.0
683,22,1.0,0.0,fc1fc2,0.0006,0.025,1.0,0.0,0.0
684,22,1.0,0.0,fc2,0.0001,0.025,1.0,0.0,0.0
685,22,1.0,0.0,fc2,0.0002,0.025,1.0,0.0,0.0
686,22,1.0,0.0,fc2,0.0004,0.025,1.0,0.0,0.0
687,22,1.0,0.0,fc2,0.0006,0.025,1.0,0.0,0.0
688,22,1.0,0.0,r1,0.0001,0.025,1.0,0.0,0.0
689,22,1.0,0.0,r1,0.0002,0.025,1.0,0.0,0.0
690,22,1.0,0.0,r1,0.0004,0.025,1.0,0.0,0.0
691,22,1.0,0.0,r1,0.0006,0.025,1.0,0.0,0.0
692,22,1.0,0.0,r1fc1fc2,0.0001,0.025,1.0,0.0,0.0
693,22,1.0,0.0,r1fc1fc2,0.0002,0.025,1.0,0.0,0.0
694,22,1.0,0.0,r1fc1fc2,0.0004,0.025,1.0,0.0,0.0
695,22,1.0,0.0,r1fc1fc2,0.0006,0.025,1.0,0.0,0.0
708,23,0.733725,0.0659055574287935,fc1,0.0001,0.025,0.73371225,0.0659090555557428,-1.2750000000005812e-05
709,23,0.733725,0.0659055574287935,fc1,0.0002,0.025,0.748485,0.1301092163248501,0.0147599999999999
710,23,0.733725,0.0659055574287935,fc1,0.0004,0.025,0.748485,0.1301092163248501,0.0147599999999999
711,23,0.733725,0.0659055574287935,fc1,0.0006,0.025,0.70681825,0.0990734410673045,-0.0269067499999999
712,23,0.733725,0.0659055574287935,fc1fc2,0.0001,0.025,0.7545455,0.0485322533407767,0.0208205
713,23,0.733725,0.0659055574287935,fc1fc2,0.0002,0.025,0.748485,0.1301092163248501,0.0147599999999999
714,23,0.733725,0.0659055574287935,fc1fc2,0.0004,0.025,0.748485,0.1301092163248501,0.0147599999999999
715,23,0.733725,0.0659055574287935,fc1fc2,0.0006,0.025,0.70681825,0.0990734410673045,-0.0269067499999999
716,23,0.733725,0.0659055574287935,fc2,0.0001,0.025,0.73371225,0.0659090555557428,-1.2750000000005812e-05
717,23,0.733725,0.0659055574287935,fc2,0.0002,0.025,0.7545455,0.0485322533407767,0.0208205
718,23,0.733725,0.0659055574287935,fc2,0.0004,0.025,0.7295455,0.0921506716253332,-0.0041795
719,23,0.733725,0.0659055574287935,fc2,0.0006,0.025,0.685985,0.0672538091064984,-0.04774
720,23,0.733725,0.0659055574287935,r1,0.0001,0.025,0.7545455,0.0485322533407767,0.0208205
721,23,0.733725,0.0659055574287935,r1,0.0002,0.025,0.70681825,0.0720135690842358,-0.0269067499999999
722,23,0.733725,0.0659055574287935,r1,0.0004,0.025,0.7026515,0.1425872640514105,-0.0310734999999999
723,23,0.733725,0.0659055574287935,r1,0.0006,0.025,0.748485,0.1301092163248501,0.0147599999999999
724,23,0.733725,0.0659055574287935,r1fc1fc2,0.0001,0.025,0.70681825,0.0720135690842358,-0.0269067499999999
725,23,0.733725,0.0659055574287935,r1fc1fc2,0.0002,0.025,0.748485,0.1301092163248501,0.0147599999999999
726,23,0.733725,0.0659055574287935,r1fc1fc2,0.0004,0.025,0.7276515,0.0965454704772144,-0.0060734999999999
727,23,0.733725,0.0659055574287935,r1fc1fc2,0.0006,0.025,0.684091,0.1031599617907386,-0.0496339999999999
740,24,0.8022750000000001,0.1012585593089954,fc1,0.0001,0.025,0.823106,0.0667742121530959,0.0208309999999999
741,24,0.8022750000000001,0.1012585593089954,fc1,0.0002,0.025,0.77537875,0.0619592613651637,-0.02689625
742,24,0.8022750000000001,0.1012585593089954,fc1,0.0004,0.025,0.77727275,0.0909848608482935,-0.0250022500000001
743,24,0.8022750000000001,0.1012585593089954,fc1,0.0006,0.025,0.73560625,0.1167190414381903,-0.06666875
744,24,0.8022750000000001,0.1012585593089954,fc1fc2,0.0001,0.025,0.823106,0.0667742121530959,0.0208309999999999
745,24,0.8022750000000001,0.1012585593089954,fc1fc2,0.0002,0.025,0.7545455,0.0835761461602531,-0.0477295
746,24,0.8022750000000001,0.1012585593089954,fc1fc2,0.0004,0.025,0.77727275,0.0909848608482935,-0.0250022500000001
747,24,0.8022750000000001,0.1012585593089954,fc1fc2,0.0006,0.025,0.73560625,0.1167190414381903,-0.06666875
748,24,0.8022750000000001,0.1012585593089954,fc2,0.0001,0.025,0.80227275,0.155387646965849,-2.250000000092456e-06
749,24,0.8022750000000001,0.1012585593089954,fc2,0.0002,0.025,0.8439395000000001,0.0822381025417455,0.0416644999999999
750,24,0.8022750000000001,0.1012585593089954,fc2,0.0004,0.025,0.775379,0.1144474964601672,-0.026896
751,24,0.8022750000000001,0.1012585593089954,fc2,0.0006,0.025,0.798106,0.0921910809605065,-0.004169
752,24,0.8022750000000001,0.1012585593089954,r1,0.0001,0.025,0.82310625,0.1171240494842256,0.0208312499999999
753,24,0.8022750000000001,0.1012585593089954,r1,0.0002,0.025,0.77537875,0.0619592613651637,-0.02689625
754,24,0.8022750000000001,0.1012585593089954,r1,0.0004,0.025,0.77121225,0.1330749610968069,-0.03106275
755,24,0.8022750000000001,0.1012585593089954,r1,0.0006,0.025,0.798106,0.0921910809605065,-0.004169
756,24,0.8022750000000001,0.1012585593089954,r1fc1fc2,0.0001,0.025,0.798106,0.0921910809605065,-0.004169
757,24,0.8022750000000001,0.1012585593089954,r1fc1fc2,0.0002,0.025,0.7939395,0.1504051379098023,-0.0083355
758,24,0.8022750000000001,0.1012585593089954,r1fc1fc2,0.0004,0.025,0.68825775,0.0486795906746348,-0.11401725
759,24,0.8022750000000001,0.1012585593089954,r1fc1fc2,0.0006,0.025,0.7814395000000001,0.1013254928913088,-0.0208355
772,25,0.529925,0.1032179369102095,fc1,0.0001,0.025,0.4655305,0.0689394908428156,-0.0643944999999999
773,25,0.529925,0.1032179369102095,fc1,0.0002,0.025,0.50113625,0.1866913609577315,-0.02878875
774,25,0.529925,0.1032179369102095,fc1,0.0004,0.025,0.41174225,0.16771186366777,-0.11818275
775,25,0.529925,0.1032179369102095,fc1,0.0006,0.025,0.4594695,0.118939284501239,-0.0704555
776,25,0.529925,0.1032179369102095,fc1fc2,0.0001,0.025,0.4655305,0.0689394908428156,-0.0643944999999999
777,25,0.529925,0.1032179369102095,fc1fc2,0.0002,0.025,0.480303,0.1508776089837941,-0.049622
778,25,0.529925,0.1032179369102095,fc1fc2,0.0004,0.025,0.41174225,0.16771186366777,-0.11818275
779,25,0.529925,0.1032179369102095,fc1fc2,0.0006,0.025,0.5318182499999999,0.1385681690201011,0.0018932499999999
780,25,0.529925,0.1032179369102095,fc2,0.0001,0.025,0.442803,0.0444393169689484,-0.0871219999999999
781,25,0.529925,0.1032179369102095,fc2,0.0002,0.025,0.507197,0.0791693515572787,-0.0227279999999999
782,25,0.529925,0.1032179369102095,fc2,0.0004,0.025,0.48030275,0.1346637889619304,-0.0496222499999999
783,25,0.529925,0.1032179369102095,fc2,0.0006,0.025,0.596591,0.0730254137270032,0.066666
784,25,0.529925,0.1032179369102095,r1,0.0001,0.025,0.442803,0.0444393169689484,-0.0871219999999999
785,25,0.529925,0.1032179369102095,r1,0.0002,0.025,0.5469695,0.1556556136614846,0.0170445
786,25,0.529925,0.1032179369102095,r1,0.0004,0.025,0.496591,0.2834599650579719,-0.0333339999999999
787,25,0.529925,0.1032179369102095,r1,0.0006,0.025,0.43863625,0.1167517245365138,-0.0912887499999999
788,25,0.529925,0.1032179369102095,r1fc1fc2,0.0001,0.025,0.4655305,0.0689394908428156,-0.0643944999999999
789,25,0.529925,0.1032179369102095,r1fc1fc2,0.0002,0.025,0.48030275,0.1346637889619304,-0.0496222499999999
790,25,0.529925,0.1032179369102095,r1fc1fc2,0.0004,0.025,0.507197,0.0791693515572787,-0.0227279999999999
791,25,0.529925,0.1032179369102095,r1fc1fc2,0.0006,0.025,0.43863625,0.0948755637115444,-0.0912887499999999
804,26,0.418525,0.1325728573275842,fc1,0.0001,0.025,0.4412875,0.1039426064085368,0.0227624999999999
805,26,0.418525,0.1325728573275842,fc1,0.0002,0.025,0.57765175,0.0430219568854091,0.1591267499999999
806,26,0.418525,0.1325728573275842,fc1,0.0004,0.025,0.6420457500000001,0.0837624769705982,0.22352075
807,26,0.418525,0.1325728573275842,fc1,0.0006,0.025,0.5511365,0.1578688147555854,0.1326115
808,26,0.418525,0.1325728573275842,fc1fc2,0.0001,0.025,0.5094695,0.0652793337460894,0.0909444999999999
809,26,0.418525,0.1325728573275842,fc1fc2,0.0002,0.025,0.57765175,0.0430219568854091,0.1591267499999999
810,26,0.418525,0.1325728573275842,fc1fc2,0.0004,0.025,0.596591,0.1642824157398878,0.1780659999999999
811,26,0.418525,0.1325728573275842,fc1fc2,0.0006,0.025,0.57765175,0.0430219568854091,0.1591267499999999
812,26,0.418525,0.1325728573275842,fc2,0.0001,0.025,0.4185602499999999,0.1325757285714471,3.524999999993117e-05
813,26,0.418525,0.1325728573275842,fc2,0.0002,0.025,0.5094695,0.0652793337460894,0.0909444999999999
814,26,0.418525,0.1325728573275842,fc2,0.0004,0.025,0.534091,0.0776287520231175,0.1155659999999999
815,26,0.418525,0.1325728573275842,fc2,0.0006,0.025,0.50946975,0.1621727456333215,0.09094475
816,26,0.418525,0.1325728573275842,r1,0.0001,0.025,0.46401475,0.0903550230382905,0.0454897499999999
817,26,0.418525,0.1325728573275842,r1,0.0002,0.025,0.64393975,0.0757574999999999,0.22541475
818,26,0.418525,0.1325728573275842,r1,0.0004,0.025,0.50568175,0.1840537139757033,0.08715675
819,26,0.418525,0.1325728573275842,r1,0.0006,0.025,0.59848525,0.0624712348865459,0.1799602499999999
820,26,0.418525,0.1325728573275842,r1fc1fc2,0.0001,0.025,0.55492425,0.07660537510025,0.1363992499999999
821,26,0.418525,0.1325728573275842,r1fc1fc2,0.0002,0.025,0.6212125000000001,0.0524863356217596,0.2026875
822,26,0.418525,0.1325728573275842,r1fc1fc2,0.0004,0.025,0.662879,0.1214482775258669,0.2443539999999999
823,26,0.418525,0.1325728573275842,r1fc1fc2,0.0006,0.025,0.62121225,0.117363487704865,0.2026872499999999
836,27,0.8689250000000001,0.0413036217136786,fc1,0.0001,0.025,0.91060625,0.0079215718715837,0.04168125
837,27,0.8689250000000001,0.0413036217136786,fc1,0.0002,0.025,0.887879,0.0471242624628404,0.0189539999999999
838,27,0.8689250000000001,0.0413036217136786,fc1,0.0004,0.025,0.887879,0.0471242624628404,0.0189539999999999
839,27,0.8689250000000001,0.0413036217136786,fc1,0.0006,0.025,0.887879,0.0471242624628404,0.0189539999999999
840,27,0.8689250000000001,0.0413036217136786,fc1fc2,0.0001,0.025,0.887879,0.0471242624628404,0.0189539999999999
841,27,0.8689250000000001,0.0413036217136786,fc1fc2,0.0002,0.025,0.887879,0.0471242624628404,0.0189539999999999
842,27,0.8689250000000001,0.0413036217136786,fc1fc2,0.0004,0.025,0.90871225,0.0745393873795368,0.0397872499999999
843,27,0.8689250000000001,0.0413036217136786,fc1fc2,0.0006,0.025,0.90871225,0.0745393873795368,0.0397872499999999
844,27,0.8689250000000001,0.0413036217136786,fc2,0.0001,0.025,0.887879,0.0471242624628404,0.0189539999999999
845,27,0.8689250000000001,0.0413036217136786,fc2,0.0002,0.025,0.887879,0.0471242624628404,0.0189539999999999
846,27,0.8689250000000001,0.0413036217136786,fc2,0.0004,0.025,0.887879,0.0471242624628404,0.0189539999999999
847,27,0.8689250000000001,0.0413036217136786,fc2,0.0006,0.025,0.887879,0.0471242624628404,0.0189539999999999
848,27,0.8689250000000001,0.0413036217136786,r1,0.0001,0.025,0.9314395,0.0462120710384923,0.0625144999999999
849,27,0.8689250000000001,0.0413036217136786,r1,0.0002,0.025,0.862879,0.0625510147479639,-0.0060460000000001
850,27,0.8689250000000001,0.0413036217136786,r1,0.0004,0.025,0.90871225,0.0745393873795368,0.0397872499999999
851,27,0.8689250000000001,0.0413036217136786,r1,0.0006,0.025,0.84621225,0.0772430920595276,-0.02271275
852,27,0.8689250000000001,0.0413036217136786,r1fc1fc2,0.0001,0.025,0.887879,0.0471242624628404,0.0189539999999999
853,27,0.8689250000000001,0.0413036217136786,r1fc1fc2,0.0002,0.025,0.887879,0.0471242624628404,0.0189539999999999
854,27,0.8689250000000001,0.0413036217136786,r1fc1fc2,0.0004,0.025,0.84621225,0.0772430920595276,-0.02271275
855,27,0.8689250000000001,0.0413036217136786,r1fc1fc2,0.0006,0.025,0.88787875,0.0827666905760806,0.0189537499999999
868,28,0.775375,0.0619531207177384,fc1,0.0001,0.025,0.77537875,0.0619592613651637,3.749999999969056e-06
869,28,0.775375,0.0619531207177384,fc1,0.0002,0.025,0.73181825,0.0237642055533808,-0.04355675
870,28,0.775375,0.0619531207177384,fc1,0.0004,0.025,0.73371225,0.0659090555557428,-0.04166275
871,28,0.775375,0.0619531207177384,fc1,0.0006,0.025,0.73371225,0.0659090555557428,-0.04166275
872,28,0.775375,0.0619531207177384,fc1fc2,0.0001,0.025,0.77537875,0.0619592613651637,3.749999999969056e-06
873,28,0.775375,0.0619531207177384,fc1fc2,0.0002,0.025,0.73181825,0.0237642055533808,-0.04355675
874,28,0.775375,0.0619531207177384,fc1fc2,0.0004,0.025,0.73371225,0.0659090555557428,-0.04166275
875,28,0.775375,0.0619531207177384,fc1fc2,0.0006,0.025,0.73371225,0.0659090555557428,-0.04166275
876,28,0.775375,0.0619531207177384,fc2,0.0001,0.025,0.77537875,0.0619592613651637,3.749999999969056e-06
877,28,0.775375,0.0619531207177384,fc2,0.0002,0.025,0.73181825,0.0720717008141892,-0.04355675
878,28,0.775375,0.0619531207177384,fc2,0.0004,0.025,0.7545455,0.0485322533407767,-0.0208295
879,28,0.775375,0.0619531207177384,fc2,0.0006,0.025,0.7545455,0.0485322533407767,-0.0208295
880,28,0.775375,0.0619531207177384,r1,0.0001,0.025,0.77537875,0.0619592613651637,3.749999999969056e-06
881,28,0.775375,0.0619531207177384,r1,0.0002,0.025,0.7545455,0.0485322533407767,-0.0208295
882,28,0.775375,0.0619531207177384,r1,0.0004,0.025,0.7545455,0.0485322533407767,-0.0208295
883,28,0.775375,0.0619531207177384,r1,0.0006,0.025,0.7545455,0.0485322533407767,-0.0208295
884,28,0.775375,0.0619531207177384,r1fc1fc2,0.0001,0.025,0.7526515,0.0575406627496301,-0.0227235
885,28,0.775375,0.0619531207177384,r1fc1fc2,0.0002,0.025,0.7545455,0.0485322533407767,-0.0208295
886,28,0.775375,0.0619531207177384,r1fc1fc2,0.0004,0.025,0.73371225,0.0659090555557428,-0.04166275
887,28,0.775375,0.0619531207177384,r1fc1fc2,0.0006,0.025,0.7545455,0.0835761461602531,-0.0208295
900,29,0.64015,0.1190743325266476,fc1,0.0001,0.025,0.635985,0.1612071385081938,-0.0041649999999999
901,29,0.64015,0.1190743325266476,fc1,0.0002,0.025,0.61931825,0.0990419358567369,-0.02083175
902,29,0.64015,0.1190743325266476,fc1,0.0004,0.025,0.5984849999999999,0.1163811618748211,-0.041665
903,29,0.64015,0.1190743325266476,fc1,0.0006,0.025,0.573485,0.1503670226678709,-0.0666649999999999
904,29,0.64015,0.1190743325266476,fc1fc2,0.0001,0.025,0.635985,0.1612071385081938,-0.0041649999999999
905,29,0.64015,0.1190743325266476,fc1fc2,0.0002,0.025,0.5984849999999999,0.1163811618748211,-0.041665
906,29,0.64015,0.1190743325266476,fc1fc2,0.0004,0.025,0.573485,0.1503670226678709,-0.0666649999999999
907,29,0.64015,0.1190743325266476,fc1fc2,0.0006,0.025,0.573485,0.1503670226678709,-0.0666649999999999
908,29,0.64015,0.1190743325266476,fc2,0.0001,0.025,0.6776515,0.190633753227666,0.0375014999999999
909,29,0.64015,0.1190743325266476,fc2,0.0002,0.025,0.635985,0.1612071385081938,-0.0041649999999999
910,29,0.64015,0.1190743325266476,fc2,0.0004,0.025,0.635985,0.1612071385081938,-0.0041649999999999
911,29,0.64015,0.1190743325266476,fc2,0.0006,0.025,0.5943182499999999,0.1423511680958396,-0.04583175
912,29,0.64015,0.1190743325266476,r1,0.0001,0.025,0.6568182499999999,0.1715470415529901,0.0166682499999999
913,29,0.64015,0.1190743325266476,r1,0.0002,0.025,0.61931825,0.0990419358567369,-0.02083175
914,29,0.64015,0.1190743325266476,r1,0.0004,0.025,0.5984849999999999,0.1163811618748211,-0.041665
915,29,0.64015,0.1190743325266476,r1,0.0006,0.025,0.5943182499999999,0.1423511680958396,-0.04583175
916,29,0.64015,0.1190743325266476,r1fc1fc2,0.0001,0.025,0.6776515,0.190633753227666,0.0375014999999999
917,29,0.64015,0.1190743325266476,r1fc1fc2,0.0002,0.025,0.61931825,0.0990419358567369,-0.02083175
918,29,0.64015,0.1190743325266476,r1fc1fc2,0.0004,0.025,0.573485,0.1503670226678709,-0.0666649999999999
919,29,0.64015,0.1190743325266476,r1fc1fc2,0.0006,0.025,0.57575775,0.088347953465733,-0.06439225
932,30,0.8447,0.0435194209520301,fc1,0.0001,0.025,0.8219697499999999,0.0746124591087172,-0.02273025
933,30,0.8447,0.0435194209520301,fc1,0.0002,0.025,0.8219697499999999,0.0746124591087172,-0.02273025
934,30,0.8447,0.0435194209520301,fc1,0.0004,0.025,0.8219697499999999,0.0746124591087172,-0.02273025
935,30,0.8447,0.0435194209520301,fc1,0.0006,0.025,0.8219697499999999,0.0746124591087172,-0.02273025
936,30,0.8447,0.0435194209520301,fc1fc2,0.0001,0.025,0.8219697499999999,0.0746124591087172,-0.02273025
937,30,0.8447,0.0435194209520301,fc1fc2,0.0002,0.025,0.8219697499999999,0.0746124591087172,-0.02273025
938,30,0.8447,0.0435194209520301,fc1fc2,0.0004,0.025,0.8219697499999999,0.0746124591087172,-0.02273025
939,30,0.8447,0.0435194209520301,fc1fc2,0.0006,0.025,0.8219697499999999,0.0746124591087172,-0.02273025
940,30,0.8447,0.0435194209520301,fc2,0.0001,0.025,0.8219697499999999,0.0746124591087172,-0.02273025
941,30,0.8447,0.0435194209520301,fc2,0.0002,0.025,0.844697,0.0435194139896208,-2.9999999999752447e-06
942,30,0.8447,0.0435194209520301,fc2,0.0004,0.025,0.844697,0.0435194139896208,-2.9999999999752447e-06
943,30,0.8447,0.0435194209520301,fc2,0.0006,0.025,0.844697,0.0435194139896208,-2.9999999999752447e-06
944,30,0.8447,0.0435194209520301,r1,0.0001,0.025,0.8219697499999999,0.0746124591087172,-0.02273025
945,30,0.8447,0.0435194209520301,r1,0.0002,0.025,0.8219697499999999,0.0746124591087172,-0.02273025
946,30,0.8447,0.0435194209520301,r1,0.0004,0.025,0.820076,0.1303932228376919,-0.0246239999999999
947,30,0.8447,0.0435194209520301,r1,0.0006,0.025,0.8219697499999999,0.0746124591087172,-0.02273025
948,30,0.8447,0.0435194209520301,r1fc1fc2,0.0001,0.025,0.8219697499999999,0.0746124591087172,-0.02273025
949,30,0.8447,0.0435194209520301,r1fc1fc2,0.0002,0.025,0.8219697499999999,0.0746124591087172,-0.02273025
950,30,0.8447,0.0435194209520301,r1fc1fc2,0.0004,0.025,0.844697,0.0435194139896208,-2.9999999999752447e-06
951,30,0.8447,0.0435194209520301,r1fc1fc2,0.0006,0.025,0.8219697499999999,0.0746124591087172,-0.02273025
964,31,0.91665,0.0962442898739106,fc1,0.0001,0.025,0.9166665,0.0962252373150273,1.650000000008589e-05
965,31,0.91665,0.0962442898739106,fc1,0.0002,0.025,0.91477275,0.0681468695508702,-0.0018772499999999
966,31,0.91665,0.0962442898739106,fc1,0.0004,0.025,0.9375,0.0797857083651786,0.02085
967,31,0.91665,0.0962442898739106,fc1,0.0006,0.025,0.9166665,0.0962252373150273,1.650000000008589e-05
968,31,0.91665,0.0962442898739106,fc1fc2,0.0001,0.025,0.9375,0.0797857083651786,0.02085
969,31,0.91665,0.0962442898739106,fc1fc2,0.0002,0.025,0.91477275,0.0681468695508702,-0.0018772499999999
970,31,0.91665,0.0962442898739106,fc1fc2,0.0004,0.025,0.9375,0.0797857083651786,0.02085
971,31,0.91665,0.0962442898739106,fc1fc2,0.0006,0.025,0.9166665,0.0962252373150273,1.650000000008589e-05
972,31,0.91665,0.0962442898739106,fc2,0.0001,0.025,0.9166665,0.0962252373150273,1.650000000008589e-05
973,31,0.91665,0.0962442898739106,fc2,0.0002,0.025,0.9375,0.0797857083651786,0.02085
974,31,0.91665,0.0962442898739106,fc2,0.0004,0.025,0.89393925,0.0792142522882298,-0.02271075
975,31,0.91665,0.0962442898739106,fc2,0.0006,0.025,0.89393925,0.0792142522882298,-0.02271075
976,31,0.91665,0.0962442898739106,r1,0.0001,0.025,0.89583325,0.1250000555556542,-0.0208167499999999
977,31,0.91665,0.0962442898739106,r1,0.0002,0.025,0.89393925,0.0792142522882298,-0.02271075
978,31,0.91665,0.0962442898739106,r1,0.0004,0.025,0.848106,0.0736097507716651,-0.0685439999999999
979,31,0.91665,0.0962442898739106,r1,0.0006,0.025,0.8731059999999999,0.1066676868065801,-0.043544
980,31,0.91665,0.0962442898739106,r1fc1fc2,0.0001,0.025,0.9166665,0.0962252373150273,1.650000000008589e-05
981,31,0.91665,0.0962442898739106,r1fc1fc2,0.0002,0.025,0.89393925,0.0792142522882298,-0.02271075
982,31,0.91665,0.0962442898739106,r1fc1fc2,0.0004,0.025,0.848106,0.0736097507716651,-0.0685439999999999
983,31,0.91665,0.0962442898739106,r1fc1fc2,0.0006,0.025,0.8731059999999999,0.1066676868065801,-0.043544
996,32,0.95645,0.0503828343783872,fc1,0.0001,0.025,0.97727275,0.0454545,0.02082275
997,32,0.95645,0.0503828343783872,fc1,0.0002,0.025,0.97727275,0.0454545,0.02082275
998,32,0.95645,0.0503828343783872,fc1,0.0004,0.025,0.97727275,0.0454545,0.02082275
999,32,0.95645,0.0503828343783872,fc1,0.0006,0.025,0.97727275,0.0454545,0.02082275
1000,32,0.95645,0.0503828343783872,fc1fc2,0.0001,0.025,0.97727275,0.0454545,0.02082275
1001,32,0.95645,0.0503828343783872,fc1fc2,0.0002,0.025,0.97727275,0.0454545,0.02082275
1002,32,0.95645,0.0503828343783872,fc1fc2,0.0004,0.025,0.97727275,0.0454545,0.02082275
1003,32,0.95645,0.0503828343783872,fc1fc2,0.0006,0.025,0.97727275,0.0454545,0.02082275
1004,32,0.95645,0.0503828343783872,fc2,0.0001,0.025,0.97727275,0.0454545,0.02082275
1005,32,0.95645,0.0503828343783872,fc2,0.0002,0.025,0.97727275,0.0454545,0.02082275
1006,32,0.95645,0.0503828343783872,fc2,0.0004,0.025,0.97727275,0.0454545,0.02082275
1007,32,0.95645,0.0503828343783872,fc2,0.0006,0.025,0.97727275,0.0454545,0.02082275
1008,32,0.95645,0.0503828343783872,r1,0.0001,0.025,0.97727275,0.0454545,0.02082275
1009,32,0.95645,0.0503828343783872,r1,0.0002,0.025,0.97727275,0.0454545,0.02082275
1010,32,0.95645,0.0503828343783872,r1,0.0004,0.025,0.97727275,0.0454545,0.02082275
1011,32,0.95645,0.0503828343783872,r1,0.0006,0.025,0.97727275,0.0454545,0.02082275
1012,32,0.95645,0.0503828343783872,r1fc1fc2,0.0001,0.025,0.97727275,0.0454545,0.02082275
1013,32,0.95645,0.0503828343783872,r1fc1fc2,0.0002,0.025,0.97727275,0.0454545,0.02082275
1014,32,0.95645,0.0503828343783872,r1fc1fc2,0.0004,0.025,0.97727275,0.0454545,0.02082275
1015,32,0.95645,0.0503828343783872,r1fc1fc2,0.0006,0.025,0.9545455,0.0524863356217597,-0.0019044999999999
1028,33,0.80265,0.0793013030578103,fc1,0.0001,0.025,0.8045455,0.0712926804167159,0.0018955
1029,33,0.80265,0.0793013030578103,fc1,0.0002,0.025,0.8045455,0.0985506918984674,0.0018955
1030,33,0.80265,0.0793013030578103,fc1,0.0004,0.025,0.8045455,0.0985506918984674,0.0018955
1031,33,0.80265,0.0793013030578103,fc1,0.0006,0.025,0.76287875,0.1344906752737279,-0.0397712499999999
1032,33,0.80265,0.0793013030578103,fc1fc2,0.0001,0.025,0.8045455,0.0712926804167159,0.0018955
1033,33,0.80265,0.0793013030578103,fc1fc2,0.0002,0.025,0.8045455,0.0985506918984674,0.0018955
1034,33,0.80265,0.0793013030578103,fc1fc2,0.0004,0.025,0.783712,0.1382329761983972,-0.018938
1035,33,0.80265,0.0793013030578103,fc1fc2,0.0006,0.025,0.783712,0.1382329761983972,-0.018938
1036,33,0.80265,0.0793013030578103,fc2,0.0001,0.025,0.8045455,0.0712926804167159,0.0018955
1037,33,0.80265,0.0793013030578103,fc2,0.0002,0.025,0.78371225,0.0992423142494336,-0.0189377499999999
1038,33,0.80265,0.0793013030578103,fc2,0.0004,0.025,0.8045455,0.0985506918984674,0.0018955
1039,33,0.80265,0.0793013030578103,fc2,0.0006,0.025,0.783712,0.1382329761983972,-0.018938
1040,33,0.80265,0.0793013030578103,r1,0.0001,0.025,0.7818182499999999,0.0795129180212247,-0.02083175
1041,33,0.80265,0.0793013030578103,r1,0.0002,0.025,0.8045455,0.0985506918984674,0.0018955
1042,33,0.80265,0.0793013030578103,r1,0.0004,0.025,0.73598475,0.1109851121798925,-0.06666525
1043,33,0.80265,0.0793013030578103,r1,0.0006,0.025,0.758712,0.117710757262594,-0.0439379999999999
1044,33,0.80265,0.0793013030578103,r1fc1fc2,0.0001,0.025,0.78371225,0.0992423142494336,-0.0189377499999999
1045,33,0.80265,0.0793013030578103,r1fc1fc2,0.0002,0.025,0.76098475,0.1381498406040219,-0.0416652499999999
1046,33,0.80265,0.0793013030578103,r1fc1fc2,0.0004,0.025,0.7818182499999999,0.1046513101920691,-0.02083175
1047,33,0.80265,0.0793013030578103,r1fc1fc2,0.0006,0.025,0.800379,0.102824913223077,-0.002271
1060,34,0.664775,0.1405911655593385,fc1,0.0001,0.025,0.7746215000000001,0.1596759667921256,0.1098465
1061,34,0.664775,0.1405911655593385,fc1,0.0002,0.025,0.753788,0.1390721879528757,0.089013
1062,34,0.664775,0.1405911655593385,fc1,0.0004,0.025,0.7102275,0.0897174436606393,0.0454525
1063,34,0.664775,0.1405911655593385,fc1,0.0006,0.025,0.7102275,0.0897174436606393,0.0454525
1064,34,0.664775,0.1405911655593385,fc1fc2,0.0001,0.025,0.7746215000000001,0.1596759667921256,0.1098465
1065,34,0.664775,0.1405911655593385,fc1fc2,0.0002,0.025,0.753788,0.1390721879528757,0.089013
1066,34,0.664775,0.1405911655593385,fc1fc2,0.0004,0.025,0.7102275,0.0897174436606393,0.0454525
1067,34,0.664775,0.1405911655593385,fc1fc2,0.0006,0.025,0.7102275,0.1567740803162308,0.0454525
1068,34,0.664775,0.1405911655593385,fc2,0.0001,0.025,0.7746215000000001,0.1596759667921256,0.1098465
1069,34,0.664775,0.1405911655593385,fc2,0.0002,0.025,0.753788,0.1390721879528757,0.089013
1070,34,0.664775,0.1405911655593385,fc2,0.0004,0.025,0.753788,0.1390721879528757,0.089013
1071,34,0.664775,0.1405911655593385,fc2,0.0006,0.025,0.73106075,0.1095211916217587,0.06628575
1072,34,0.664775,0.1405911655593385,r1,0.0001,0.025,0.7746215000000001,0.1596759667921256,0.1098465
1073,34,0.664775,0.1405911655593385,r1,0.0002,0.025,0.73106075,0.1095211916217587,0.06628575
1074,34,0.664775,0.1405911655593385,r1,0.0004,0.025,0.7784092499999999,0.1556720003541099,0.1136342499999999
1075,34,0.664775,0.1405911655593385,r1,0.0006,0.025,0.73295475,0.129065958696513,0.0681797499999999
1076,34,0.664775,0.1405911655593385,r1fc1fc2,0.0001,0.025,0.7746215000000001,0.1596759667921256,0.1098465
1077,34,0.664775,0.1405911655593385,r1fc1fc2,0.0002,0.025,0.7310607499999999,0.080531115478739,0.0662857499999999
1078,34,0.664775,0.1405911655593385,r1fc1fc2,0.0004,0.025,0.73295475,0.129065958696513,0.0681797499999999
1079,34,0.664775,0.1405911655593385,r1fc1fc2,0.0006,0.025,0.753788,0.2034197553778885,0.089013
1092,35,0.89205,0.0839964483376132,fc1,0.0001,0.025,0.95833325,0.0833335,0.06628325
1093,35,0.89205,0.0839964483376132,fc1,0.0002,0.025,0.95833325,0.0833335,0.06628325
1094,35,0.89205,0.0839964483376132,fc1,0.0004,0.025,0.95833325,0.0833335,0.06628325
1095,35,0.89205,0.0839964483376132,fc1,0.0006,0.025,0.95833325,0.0833335,0.06628325
1096,35,0.89205,0.0839964483376132,fc1fc2,0.0001,0.025,0.95833325,0.0833335,0.06628325
1097,35,0.89205,0.0839964483376132,fc1fc2,0.0002,0.025,0.95833325,0.0833335,0.06628325
1098,35,0.89205,0.0839964483376132,fc1fc2,0.0004,0.025,0.95833325,0.0833335,0.06628325
1099,35,0.89205,0.0839964483376132,fc1fc2,0.0006,0.025,0.95833325,0.0833335,0.06628325
1100,35,0.89205,0.0839964483376132,fc2,0.0001,0.025,0.91287875,0.1007889299588501,0.0208287499999999
1101,35,0.89205,0.0839964483376132,fc2,0.0002,0.025,0.935606,0.0805315388031298,0.0435559999999999
1102,35,0.89205,0.0839964483376132,fc2,0.0004,0.025,0.95833325,0.0833335,0.06628325
1103,35,0.89205,0.0839964483376132,fc2,0.0006,0.025,0.95833325,0.0833335,0.06628325
1104,35,0.89205,0.0839964483376132,r1,0.0001,0.025,0.95833325,0.0833335,0.06628325
1105,35,0.89205,0.0839964483376132,r1,0.0002,0.025,0.97916675,0.0416664999999999,0.0871167499999999
1106,35,0.89205,0.0839964483376132,r1,0.0004,0.025,0.95833325,0.0833335,0.06628325
1107,35,0.89205,0.0839964483376132,r1,0.0006,0.025,0.95833325,0.0833335,0.06628325
1108,35,0.89205,0.0839964483376132,r1fc1fc2,0.0001,0.025,0.95833325,0.0833335,0.06628325
1109,35,0.89205,0.0839964483376132,r1fc1fc2,0.0002,0.025,0.97916675,0.0416664999999999,0.0871167499999999
1110,35,0.89205,0.0839964483376132,r1fc1fc2,0.0004,0.025,0.95833325,0.0833335,0.06628325
1111,35,0.89205,0.0839964483376132,r1fc1fc2,0.0006,0.025,0.86742425,0.1729197419158668,-0.02462575
1124,36,0.8875,0.1314977819838291,fc1,0.0001,0.025,0.86666675,0.16329918010281,-0.0208332499999999
1125,36,0.8875,0.1314977819838291,fc1,0.0002,0.025,0.86666675,0.16329918010281,-0.0208332499999999
1126,36,0.8875,0.1314977819838291,fc1,0.0004,0.025,0.89166675,0.157232859867936,0.0041667499999999
1127,36,0.8875,0.1314977819838291,fc1,0.0006,0.025,0.89166675,0.157232859867936,0.0041667499999999
1128,36,0.8875,0.1314977819838291,fc1fc2,0.0001,0.025,0.86666675,0.16329918010281,-0.0208332499999999
1129,36,0.8875,0.1314977819838291,fc1fc2,0.0002,0.025,0.86666675,0.16329918010281,-0.0208332499999999
1130,36,0.8875,0.1314977819838291,fc1fc2,0.0004,0.025,0.86666675,0.16329918010281,-0.0208332499999999
1131,36,0.8875,0.1314977819838291,fc1fc2,0.0006,0.025,0.86666675,0.16329918010281,-0.0208332499999999
1132,36,0.8875,0.1314977819838291,fc2,0.0001,0.025,0.86666675,0.16329918010281,-0.0208332499999999
1133,36,0.8875,0.1314977819838291,fc2,0.0002,0.025,0.89166675,0.157232859867936,0.0041667499999999
1134,36,0.8875,0.1314977819838291,fc2,0.0004,0.025,0.89166675,0.157232859867936,0.0041667499999999
1135,36,0.8875,0.1314977819838291,fc2,0.0006,0.025,0.89166675,0.157232859867936,0.0041667499999999
1136,36,0.8875,0.1314977819838291,r1,0.0001,0.025,0.86666675,0.16329918010281,-0.0208332499999999
1137,36,0.8875,0.1314977819838291,r1,0.0002,0.025,0.8875,0.1314977819838291,0.0
1138,36,0.8875,0.1314977819838291,r1,0.0004,0.025,0.86477275,0.1119803698731017,-0.0227272499999999
1139,36,0.8875,0.1314977819838291,r1,0.0006,0.025,0.8439395000000001,0.1437078245712459,-0.0435604999999998
1140,36,0.8875,0.1314977819838291,r1fc1fc2,0.0001,0.025,0.86666675,0.16329918010281,-0.0208332499999999
1141,36,0.8875,0.1314977819838291,r1fc1fc2,0.0002,0.025,0.8875,0.1314977819838291,0.0
1142,36,0.8875,0.1314977819838291,r1fc1fc2,0.0004,0.025,0.8439395000000001,0.1437078245712459,-0.0435604999999998
1143,36,0.8875,0.1314977819838291,r1fc1fc2,0.0006,0.025,0.8439395000000001,0.1437078245712459,-0.0435604999999998
1156,37,0.6840999999999999,0.0775321868645532,fc1,0.0001,0.025,0.6821969999999999,0.1327831046958409,-0.0019029999999999
1157,37,0.6840999999999999,0.0775321868645532,fc1,0.0002,0.025,0.72992425,0.0831572535075363,0.0458242500000001
1158,37,0.6840999999999999,0.0775321868645532,fc1,0.0004,0.025,0.72386375,0.1791912577357407,0.0397637500000001
1159,37,0.6840999999999999,0.0775321868645532,fc1,0.0006,0.025,0.72386375,0.1791912577357407,0.0397637500000001
1160,37,0.6840999999999999,0.0775321868645532,fc1fc2,0.0001,0.025,0.6821969999999999,0.1327831046958409,-0.0019029999999999
1161,37,0.6840999999999999,0.0775321868645532,fc1fc2,0.0002,0.025,0.707197,0.1210435991395937,0.023097
1162,37,0.6840999999999999,0.0775321868645532,fc1fc2,0.0004,0.025,0.72386375,0.1791912577357407,0.0397637500000001
1163,37,0.6840999999999999,0.0775321868645532,fc1fc2,0.0006,0.025,0.72386375,0.1791912577357407,0.0397637500000001
1164,37,0.6840999999999999,0.0775321868645532,fc2,0.0001,0.025,0.70492425,0.1068179704493428,0.0208242500000001
1165,37,0.6840999999999999,0.0775321868645532,fc2,0.0002,0.025,0.707197,0.1210435991395937,0.023097
1166,37,0.6840999999999999,0.0775321868645532,fc2,0.0004,0.025,0.72803025,0.136987536103046,0.04393025
1167,37,0.6840999999999999,0.0775321868645532,fc2,0.0006,0.025,0.7488637499999999,0.1623327555226711,0.06476375
1168,37,0.6840999999999999,0.0775321868645532,r1,0.0001,0.025,0.6821969999999999,0.1327831046958409,-0.0019029999999999
1169,37,0.6840999999999999,0.0775321868645532,r1,0.0002,0.025,0.72992425,0.0831572535075363,0.0458242500000001
1170,37,0.6840999999999999,0.0775321868645532,r1,0.0004,0.025,0.7905305,0.2065959504225578,0.1064305000000001
1171,37,0.6840999999999999,0.0775321868645532,r1,0.0006,0.025,0.6594695,0.2361415254975992,-0.0246304999999998
1172,37,0.6840999999999999,0.0775321868645532,r1fc1fc2,0.0001,0.025,0.707197,0.1210435991395937,0.023097
1173,37,0.6840999999999999,0.0775321868645532,r1fc1fc2,0.0002,0.025,0.707197,0.1210435991395937,0.023097
1174,37,0.6840999999999999,0.0775321868645532,r1fc1fc2,0.0004,0.025,0.746591,0.1528495263867921,0.062491
1175,37,0.6840999999999999,0.0775321868645532,r1fc1fc2,0.0006,0.025,0.69053025,0.1470989804437248,0.00643025
1188,38,0.4579499999999999,0.2151791579126566,fc1,0.0001,0.025,0.476894,0.2974882553569691,0.018944
1189,38,0.4579499999999999,0.2151791579126566,fc1,0.0002,0.025,0.43522725,0.2551441994172119,-0.0227227499999999
1190,38,0.4579499999999999,0.2151791579126566,fc1,0.0004,0.025,0.52462125,0.251059654402926,0.06667125
1191,38,0.4579499999999999,0.2151791579126566,fc1,0.0006,0.025,0.46212125,0.2027136528922427,0.00417125
1192,38,0.4579499999999999,0.2151791579126566,fc1fc2,0.0001,0.025,0.43522725,0.2551441994172119,-0.0227227499999999
1193,38,0.4579499999999999,0.2151791579126566,fc1fc2,0.0002,0.025,0.43522725,0.2551441994172119,-0.0227227499999999
1194,38,0.4579499999999999,0.2151791579126566,fc1fc2,0.0004,0.025,0.46212125,0.2027136528922427,0.00417125
1195,38,0.4579499999999999,0.2151791579126566,fc1fc2,0.0006,0.025,0.441288,0.2018032599059457,-0.0166619999999999
1196,38,0.4579499999999999,0.2151791579126566,fc2,0.0001,0.025,0.476894,0.2974882553569691,0.018944
1197,38,0.4579499999999999,0.2151791579126566,fc2,0.0002,0.025,0.49772725,0.3246657576075996,0.03977725
1198,38,0.4579499999999999,0.2151791579126566,fc2,0.0004,0.025,0.475,0.3570714214271425,0.01705
1199,38,0.4579499999999999,0.2151791579126566,fc2,0.0006,0.025,0.476894,0.2974882553569691,0.018944
1200,38,0.4579499999999999,0.2151791579126566,r1,0.0001,0.025,0.47689375,0.3126633593834056,0.01894375
1201,38,0.4579499999999999,0.2151791579126566,r1,0.0002,0.025,0.47878775,0.2441886810185585,0.02083775
1202,38,0.4579499999999999,0.2151791579126566,r1,0.0004,0.025,0.48106075,0.2717084487072801,0.02311075
1203,38,0.4579499999999999,0.2151791579126566,r1,0.0006,0.025,0.52651525,0.1865445079837964,0.06856525
1204,38,0.4579499999999999,0.2151791579126566,r1fc1fc2,0.0001,0.025,0.43522725,0.2551441994172119,-0.0227227499999999
1205,38,0.4579499999999999,0.2151791579126566,r1fc1fc2,0.0002,0.025,0.4579545,0.2151671959360905,4.500000000073889e-06
1206,38,0.4579499999999999,0.2151791579126566,r1fc1fc2,0.0004,0.025,0.526515,0.2309052652193102,0.0685649999999999
1207,38,0.4579499999999999,0.2151791579126566,r1fc1fc2,0.0006,0.025,0.46212125,0.2027136528922427,0.00417125
1220,39,0.731425,0.1644794490708996,fc1,0.0001,0.025,0.80227275,0.1012734951978222,0.0708477499999999
1221,39,0.731425,0.1644794490708996,fc1,0.0002,0.025,0.84393925,0.0461894407007705,0.11251425
1222,39,0.731425,0.1644794490708996,fc1,0.0004,0.025,0.798106,0.0921910809605065,0.0666809999999999
1223,39,0.731425,0.1644794490708996,fc1,0.0006,0.025,0.798106,0.0921910809605065,0.0666809999999999
1224,39,0.731425,0.1644794490708996,fc1fc2,0.0001,0.025,0.80227275,0.1012734951978222,0.0708477499999999
1225,39,0.731425,0.1644794490708996,fc1fc2,0.0002,0.025,0.84393925,0.0461894407007705,0.11251425
1226,39,0.731425,0.1644794490708996,fc1fc2,0.0004,0.025,0.798106,0.0921910809605065,0.0666809999999999
1227,39,0.731425,0.1644794490708996,fc1fc2,0.0006,0.025,0.798106,0.0921910809605065,0.0666809999999999
1228,39,0.731425,0.1644794490708996,fc2,0.0001,0.025,0.7522727499999999,0.1433853345461685,0.0208477499999999
1229,39,0.731425,0.1644794490708996,fc2,0.0002,0.025,0.773106,0.1324371375735169,0.0416809999999999
1230,39,0.731425,0.1644794490708996,fc2,0.0004,0.025,0.81893925,0.0869640601949066,0.08751425
1231,39,0.731425,0.1644794490708996,fc2,0.0006,0.025,0.798106,0.0921910809605065,0.0666809999999999
1232,39,0.731425,0.1644794490708996,r1,0.0001,0.025,0.73143925,0.1644731166449905,1.4249999999993436e-05
1233,39,0.731425,0.1644794490708996,r1,0.0002,0.025,0.82121225,0.069861615146779,0.0897872499999999
1234,39,0.731425,0.1644794490708996,r1,0.0004,0.025,0.773106,0.1324371375735169,0.0416809999999999
1235,39,0.731425,0.1644794490708996,r1,0.0006,0.025,0.79393925,0.134134377021391,0.06251425
1236,39,0.731425,0.1644794490708996,r1fc1fc2,0.0001,0.025,0.823106,0.0667742121530959,0.091681
1237,39,0.731425,0.1644794490708996,r1fc1fc2,0.0002,0.025,0.8189394999999999,0.1104192261776302,0.0875144999999999
1238,39,0.731425,0.1644794490708996,r1fc1fc2,0.0004,0.025,0.80227275,0.0750115206946017,0.0708477499999999
1239,39,0.731425,0.1644794490708996,r1fc1fc2,0.0006,0.025,0.823106,0.0667742121530959,0.091681
1252,40,0.979175,0.0416499999999999,fc1,0.0001,0.025,0.97916675,0.0416665,-8.250000000042945e-06
1253,40,0.979175,0.0416499999999999,fc1,0.0002,0.025,0.97916675,0.0416665,-8.250000000042945e-06
1254,40,0.979175,0.0416499999999999,fc1,0.0004,0.025,0.95833325,0.0833334999999999,-0.0208417499999999
1255,40,0.979175,0.0416499999999999,fc1,0.0006,0.025,0.935606,0.0805315388031297,-0.0435689999999999
1256,40,0.979175,0.0416499999999999,fc1fc2,0.0001,0.025,0.97916675,0.0416665,-8.250000000042945e-06
1257,40,0.979175,0.0416499999999999,fc1fc2,0.0002,0.025,0.97916675,0.0416665,-8.250000000042945e-06
1258,40,0.979175,0.0416499999999999,fc1fc2,0.0004,0.025,0.97916675,0.0416665,-8.250000000042945e-06
1259,40,0.979175,0.0416499999999999,fc1fc2,0.0006,0.025,0.97916675,0.0416665,-8.250000000042945e-06
1260,40,0.979175,0.0416499999999999,fc2,0.0001,0.025,0.97916675,0.0416665,-8.250000000042945e-06
1261,40,0.979175,0.0416499999999999,fc2,0.0002,0.025,0.97916675,0.0416665,-8.250000000042945e-06
1262,40,0.979175,0.0416499999999999,fc2,0.0004,0.025,0.9564395,0.0503943334413701,-0.0227355
1263,40,0.979175,0.0416499999999999,fc2,0.0006,0.025,0.9564395,0.0503943334413701,-0.0227355
1264,40,0.979175,0.0416499999999999,r1,0.0001,0.025,0.97916675,0.0416665,-8.250000000042945e-06
1265,40,0.979175,0.0416499999999999,r1,0.0002,0.025,0.95833325,0.0833334999999999,-0.0208417499999999
1266,40,0.979175,0.0416499999999999,r1,0.0004,0.025,0.95833325,0.0833334999999999,-0.0208417499999999
1267,40,0.979175,0.0416499999999999,r1,0.0006,0.025,0.9564395,0.0503943334413701,-0.0227355
1268,40,0.979175,0.0416499999999999,r1fc1fc2,0.0001,0.025,0.97916675,0.0416665,-8.250000000042945e-06
1269,40,0.979175,0.0416499999999999,r1fc1fc2,0.0002,0.025,0.95833325,0.0833334999999999,-0.0208417499999999
1270,40,0.979175,0.0416499999999999,r1fc1fc2,0.0004,0.025,0.97916675,0.0416665,-8.250000000042945e-06
1271,40,0.979175,0.0416499999999999,r1fc1fc2,0.0006,0.025,0.97916675,0.0416665,-8.250000000042945e-06
1284,41,0.776525,0.0571734422612457,fc1,0.0001,0.025,0.910985,0.003788,0.1344599999999999
1285,41,0.776525,0.0571734422612457,fc1,0.0002,0.025,0.910985,0.003788,0.1344599999999999
1286,41,0.776525,0.0571734422612457,fc1,0.0004,0.025,0.88825775,0.0468534766933042,0.1117327499999999
1287,41,0.776525,0.0571734422612457,fc1,0.0006,0.025,0.88825775,0.0468534766933042,0.1117327499999999
1288,41,0.776525,0.0571734422612457,fc1fc2,0.0001,0.025,0.910985,0.003788,0.1344599999999999
1289,41,0.776525,0.0571734422612457,fc1fc2,0.0002,0.025,0.910985,0.003788,0.1344599999999999
1290,41,0.776525,0.0571734422612457,fc1fc2,0.0004,0.025,0.88825775,0.0468534766933042,0.1117327499999999
1291,41,0.776525,0.0571734422612457,fc1fc2,0.0006,0.025,0.88825775,0.0468534766933042,0.1117327499999999
1292,41,0.776525,0.0571734422612457,fc2,0.0001,0.025,0.8655305,0.0547607514466337,0.0890054999999999
1293,41,0.776525,0.0571734422612457,fc2,0.0002,0.025,0.910985,0.003788,0.1344599999999999
1294,41,0.776525,0.0571734422612457,fc2,0.0004,0.025,0.910985,0.003788,0.1344599999999999
1295,41,0.776525,0.0571734422612457,fc2,0.0006,0.025,0.93371225,0.0443359081360695,0.15718725
1296,41,0.776525,0.0571734422612457,r1,0.0001,0.025,0.88825775,0.0468534766933042,0.1117327499999999
1297,41,0.776525,0.0571734422612457,r1,0.0002,0.025,0.86742425,0.0485085855725561,0.0908992499999999
1298,41,0.776525,0.0571734422612457,r1,0.0004,0.025,0.910985,0.003788,0.1344599999999999
1299,41,0.776525,0.0571734422612457,r1,0.0006,0.025,0.88825775,0.0468534766933042,0.1117327499999999
1300,41,0.776525,0.0571734422612457,r1fc1fc2,0.0001,0.025,0.88825775,0.0468534766933042,0.1117327499999999
1301,41,0.776525,0.0571734422612457,r1fc1fc2,0.0002,0.025,0.93371225,0.0443359081360695,0.15718725
1302,41,0.776525,0.0571734422612457,r1fc1fc2,0.0004,0.025,0.910985,0.003788,0.1344599999999999
1303,41,0.776525,0.0571734422612457,r1fc1fc2,0.0006,0.025,0.8901515,0.0833333636366611,0.1136264999999999
1316,42,0.798475,0.0499792206821995,fc1,0.0001,0.025,0.82348475,0.0714265598983786,0.0250097499999999
1317,42,0.798475,0.0499792206821995,fc1,0.0002,0.025,0.8007575,0.1140126060997934,0.0022824999999999
1318,42,0.798475,0.0499792206821995,fc1,0.0004,0.025,0.82348475,0.0714265598983786,0.0250097499999999
1319,42,0.798475,0.0499792206821995,fc1,0.0006,0.025,0.846212,0.0365630374649955,0.0477369999999999
1320,42,0.798475,0.0499792206821995,fc1fc2,0.0001,0.025,0.82348475,0.0714265598983786,0.0250097499999999
1321,42,0.798475,0.0499792206821995,fc1fc2,0.0002,0.025,0.8007575,0.1140126060997934,0.0022824999999999
1322,42,0.798475,0.0499792206821995,fc1fc2,0.0004,0.025,0.82348475,0.0714265598983786,0.0250097499999999
1323,42,0.798475,0.0499792206821995,fc1fc2,0.0006,0.025,0.846212,0.0365630374649955,0.0477369999999999
1324,42,0.798475,0.0499792206821995,fc2,0.0001,0.025,0.8443182499999999,0.0859361491161703,0.0458432499999998
1325,42,0.798475,0.0499792206821995,fc2,0.0002,0.025,0.846212,0.0365630374649955,0.0477369999999999
1326,42,0.798475,0.0499792206821995,fc2,0.0004,0.025,0.846212,0.0365630374649955,0.0477369999999999
1327,42,0.798475,0.0499792206821995,fc2,0.0006,0.025,0.846212,0.0365630374649955,0.0477369999999999
1328,42,0.798475,0.0499792206821995,r1,0.0001,0.025,0.82348475,0.0714265598983786,0.0250097499999999
1329,42,0.798475,0.0499792206821995,r1,0.0002,0.025,0.75492425,0.0861404597788789,-0.04355075
1330,42,0.798475,0.0499792206821995,r1,0.0004,0.025,0.82348475,0.0714265598983786,0.0250097499999999
1331,42,0.798475,0.0499792206821995,r1,0.0006,0.025,0.8670455,0.0485539789684292,0.0685704999999999
1332,42,0.798475,0.0499792206821995,r1fc1fc2,0.0001,0.025,0.82348475,0.0714265598983786,0.0250097499999999
1333,42,0.798475,0.0499792206821995,r1fc1fc2,0.0002,0.025,0.8007575,0.1140126060997934,0.0022824999999999
1334,42,0.798475,0.0499792206821995,r1fc1fc2,0.0004,0.025,0.8670455,0.0485539789684292,0.0685704999999999
1335,42,0.798475,0.0499792206821995,r1fc1fc2,0.0006,0.025,0.846212,0.0365630374649955,0.0477369999999999
1348,43,0.933725,0.0864496529779038,fc1,0.0001,0.025,0.9564395,0.0503943334413701,0.0227144999999999
1349,43,0.933725,0.0864496529779038,fc1,0.0002,0.025,0.9564395,0.0503943334413701,0.0227144999999999
1350,43,0.933725,0.0864496529779038,fc1,0.0004,0.025,0.9564395,0.0503943334413701,0.0227144999999999
1351,43,0.933725,0.0864496529779038,fc1,0.0006,0.025,0.9564395,0.0503943334413701,0.0227144999999999
1352,43,0.933725,0.0864496529779038,fc1fc2,0.0001,0.025,0.9564395,0.0503943334413701,0.0227144999999999
1353,43,0.933725,0.0864496529779038,fc1fc2,0.0002,0.025,0.9564395,0.0503943334413701,0.0227144999999999
1354,43,0.933725,0.0864496529779038,fc1fc2,0.0004,0.025,0.93371225,0.0864598380998368,-1.2750000000005812e-05
1355,43,0.933725,0.0864496529779038,fc1fc2,0.0006,0.025,0.93371225,0.0864598380998368,-1.2750000000005812e-05
1356,43,0.933725,0.0864496529779038,fc2,0.0001,0.025,0.93371225,0.0864598380998368,-1.2750000000005812e-05
1357,43,0.933725,0.0864496529779038,fc2,0.0002,0.025,0.93371225,0.0864598380998368,-1.2750000000005812e-05
1358,43,0.933725,0.0864496529779038,fc2,0.0004,0.025,0.90871225,0.0745393873795368,-0.02501275
1359,43,0.933725,0.0864496529779038,fc2,0.0006,0.025,0.90871225,0.0745393873795368,-0.02501275
1360,43,0.933725,0.0864496529779038,r1,0.0001,0.025,0.9564395,0.0503943334413701,0.0227144999999999
1361,43,0.933725,0.0864496529779038,r1,0.0002,0.025,0.935606,0.0805315388031298,0.0018809999999999
1362,43,0.933725,0.0864496529779038,r1,0.0004,0.025,0.88977275,0.0382384513666109,-0.04395225
1363,43,0.933725,0.0864496529779038,r1,0.0006,0.025,0.88977275,0.0382384513666109,-0.04395225
1364,43,0.933725,0.0864496529779038,r1fc1fc2,0.0001,0.025,0.9564395,0.0503943334413701,0.0227144999999999
1365,43,0.933725,0.0864496529779038,r1fc1fc2,0.0002,0.025,0.91477275,0.0681468695508702,-0.01895225
1366,43,0.933725,0.0864496529779038,r1fc1fc2,0.0004,0.025,0.910606,0.0685010613689063,-0.023119
1367,43,0.933725,0.0864496529779038,r1fc1fc2,0.0006,0.025,0.91477275,0.1179119865418694,-0.01895225
1380,44,0.7341,0.0692669233232332,fc1,0.0001,0.025,0.757197,0.1539219051748862,0.023097
1381,44,0.7341,0.0692669233232332,fc1,0.0002,0.025,0.8007575,0.1140126060997934,0.0666575
1382,44,0.7341,0.0692669233232332,fc1,0.0004,0.025,0.8443182499999999,0.0859361491161703,0.1102182499999999
1383,44,0.7341,0.0692669233232332,fc1,0.0006,0.025,0.77992425,0.1136891763138279,0.04582425
1384,44,0.7341,0.0692669233232332,fc1fc2,0.0001,0.025,0.757197,0.1539219051748862,0.023097
1385,44,0.7341,0.0692669233232332,fc1fc2,0.0002,0.025,0.8007575,0.1140126060997934,0.0666575
1386,44,0.7341,0.0692669233232332,fc1fc2,0.0004,0.025,0.8007575,0.1140126060997934,0.0666575
1387,44,0.7341,0.0692669233232332,fc1fc2,0.0006,0.025,0.8007575,0.1140126060997934,0.0666575
1388,44,0.7341,0.0692669233232332,fc2,0.0001,0.025,0.757197,0.1539219051748862,0.023097
1389,44,0.7341,0.0692669233232332,fc2,0.0002,0.025,0.757197,0.1539219051748862,0.023097
1390,44,0.7341,0.0692669233232332,fc2,0.0004,0.025,0.757197,0.1539219051748862,0.023097
1391,44,0.7341,0.0692669233232332,fc2,0.0006,0.025,0.8007575,0.1140126060997934,0.0666575
1392,44,0.7341,0.0692669233232332,r1,0.0001,0.025,0.757197,0.1539219051748862,0.023097
1393,44,0.7341,0.0692669233232332,r1,0.0002,0.025,0.86742425,0.1729197419158668,0.13332425
1394,44,0.7341,0.0692669233232332,r1,0.0004,0.025,0.8276515,0.1236148367699713,0.0935515
1395,44,0.7341,0.0692669233232332,r1,0.0006,0.025,0.8443182499999999,0.0859361491161703,0.1102182499999999
1396,44,0.7341,0.0692669233232332,r1fc1fc2,0.0001,0.025,0.757197,0.1539219051748862,0.023097
1397,44,0.7341,0.0692669233232332,r1fc1fc2,0.0002,0.025,0.823485,0.0986478999911638,0.089385
1398,44,0.7341,0.0692669233232332,r1fc1fc2,0.0004,0.025,0.8007575,0.1140126060997934,0.0666575
1399,44,0.7341,0.0692669233232332,r1fc1fc2,0.0006,0.025,0.77992425,0.1136891763138279,0.04582425
1412,45,0.710975,0.1027152495981,fc1,0.0001,0.025,0.7337119999999999,0.1166331386956554,0.0227369999999998
1413,45,0.710975,0.1027152495981,fc1,0.0002,0.025,0.7109847499999999,0.1027132503246294,9.749999999919544e-06
1414,45,0.710975,0.1027152495981,fc1,0.0004,0.025,0.73181825,0.1381424267133381,0.0208432499999999
1415,45,0.710975,0.1027152495981,fc1,0.0006,0.025,0.709091,0.1463725078353172,-0.0018839999999999
1416,45,0.710975,0.1027152495981,fc1fc2,0.0001,0.025,0.7337119999999999,0.1166331386956554,0.0227369999999998
1417,45,0.710975,0.1027152495981,fc1fc2,0.0002,0.025,0.7109847499999999,0.1027132503246294,9.749999999919544e-06
1418,45,0.710975,0.1027152495981,fc1fc2,0.0004,0.025,0.73181825,0.1381424267133381,0.0208432499999999
1419,45,0.710975,0.1027152495981,fc1fc2,0.0006,0.025,0.709091,0.1463725078353172,-0.0018839999999999
1420,45,0.710975,0.1027152495981,fc2,0.0001,0.025,0.7337119999999999,0.1166331386956554,0.0227369999999998
1421,45,0.710975,0.1027152495981,fc2,0.0002,0.025,0.7337119999999999,0.1166331386956554,0.0227369999999998
1422,45,0.710975,0.1027152495981,fc2,0.0004,0.025,0.7795455,0.0764761762925771,0.0685704999999999
1423,45,0.710975,0.1027152495981,fc2,0.0006,0.025,0.77765175,0.1075179321396358,0.0666767499999999
1424,45,0.710975,0.1027152495981,r1,0.0001,0.025,0.7337119999999999,0.1166331386956554,0.0227369999999998
1425,45,0.710975,0.1027152495981,r1,0.0002,0.025,0.68598475,0.1173981620763999,-0.0249902499999999
1426,45,0.710975,0.1027152495981,r1,0.0004,0.025,0.709091,0.1463725078353172,-0.0018839999999999
1427,45,0.710975,0.1027152495981,r1,0.0006,0.025,0.684091,0.1566236818513301,-0.026884
1428,45,0.710975,0.1027152495981,r1fc1fc2,0.0001,0.025,0.7337119999999999,0.1166331386956554,0.0227369999999998
1429,45,0.710975,0.1027152495981,r1fc1fc2,0.0002,0.025,0.7109847499999999,0.1027132503246294,9.749999999919544e-06
1430,45,0.710975,0.1027152495981,r1fc1fc2,0.0004,0.025,0.7132575,0.1221138444908411,0.0022824999999999
1431,45,0.710975,0.1027152495981,r1fc1fc2,0.0006,0.025,0.7113637500000001,0.1319802959368683,0.00038875
1444,46,0.673875,0.1858675043321631,fc1,0.0001,0.025,0.582197,0.1873665379926024,-0.091678
1445,46,0.673875,0.1858675043321631,fc1,0.0002,0.025,0.60075775,0.1383606791984269,-0.07311725
1446,46,0.673875,0.1858675043321631,fc1,0.0004,0.025,0.66931825,0.177982784911678,-0.0045567499999999
1447,46,0.673875,0.1858675043321631,fc1,0.0006,0.025,0.6920455,0.1930191412105718,0.0181704999999999
1448,46,0.673875,0.1858675043321631,fc1fc2,0.0001,0.025,0.582197,0.1873665379926024,-0.091678
1449,46,0.673875,0.1858675043321631,fc1fc2,0.0002,0.025,0.60492425,0.1869372768539847,-0.0689507499999999
1450,46,0.673875,0.1858675043321631,fc1fc2,0.0004,0.025,0.6920455,0.1930191412105718,0.0181704999999999
1451,46,0.673875,0.1858675043321631,fc1fc2,0.0006,0.025,0.62575775,0.1469461155716044,-0.04811725
1452,46,0.673875,0.1858675043321631,fc2,0.0001,0.025,0.6238637499999999,0.1199961704510467,-0.05001125
1453,46,0.673875,0.1858675043321631,fc2,0.0002,0.025,0.532197,0.1714618117618808,-0.1416779999999999
1454,46,0.673875,0.1858675043321631,fc2,0.0004,0.025,0.5571969999999999,0.1724896699109833,-0.116678
1455,46,0.673875,0.1858675043321631,fc2,0.0006,0.025,0.57992425,0.1763722261135522,-0.0939507499999999
1456,46,0.673875,0.1858675043321631,r1,0.0001,0.025,0.6030305,0.1517117993576417,-0.0708444999999999
1457,46,0.673875,0.1858675043321631,r1,0.0002,0.025,0.5571969999999999,0.1724896699109833,-0.116678
1458,46,0.673875,0.1858675043321631,r1,0.0004,0.025,0.6276515,0.1972741608430595,-0.0462234999999999
1459,46,0.673875,0.1858675043321631,r1,0.0006,0.025,0.65037875,0.2168429540833257,-0.0234962499999999
1460,46,0.673875,0.1858675043321631,r1fc1fc2,0.0001,0.025,0.582197,0.1873665379926024,-0.091678
1461,46,0.673875,0.1858675043321631,r1fc1fc2,0.0002,0.025,0.6257575,0.2115215694667252,-0.0481175
1462,46,0.673875,0.1858675043321631,r1fc1fc2,0.0004,0.025,0.6484847499999999,0.217830905656008,-0.02539025
1463,46,0.673875,0.1858675043321631,r1fc1fc2,0.0006,0.025,0.673485,0.1738861931628462,-0.00039
1476,47,0.73675,0.1334541494296824,fc1,0.0001,0.025,0.757576,0.1049726712435193,0.020826
1477,47,0.73675,0.1334541494296824,fc1,0.0002,0.025,0.757576,0.1049726712435193,0.020826
1478,47,0.73675,0.1334541494296824,fc1,0.0004,0.025,0.8030305,0.1005036810221396,0.0662804999999999
1479,47,0.73675,0.1334541494296824,fc1,0.0006,0.025,0.78030325,0.0757574999999999,0.0435532499999999
1480,47,0.73675,0.1334541494296824,fc1fc2,0.0001,0.025,0.757576,0.1049726712435193,0.020826
1481,47,0.73675,0.1334541494296824,fc1fc2,0.0002,0.025,0.757576,0.1049726712435193,0.020826
1482,47,0.73675,0.1334541494296824,fc1fc2,0.0004,0.025,0.8030305,0.1005036810221396,0.0662804999999999
1483,47,0.73675,0.1334541494296824,fc1fc2,0.0006,0.025,0.78030325,0.0757574999999999,0.0435532499999999
1484,47,0.73675,0.1334541494296824,fc2,0.0001,0.025,0.757576,0.1049726712435193,0.020826
1485,47,0.73675,0.1334541494296824,fc2,0.0002,0.025,0.757576,0.1049726712435193,0.020826
1486,47,0.73675,0.1334541494296824,fc2,0.0004,0.025,0.757576,0.0742268876755586,0.020826
1487,47,0.73675,0.1334541494296824,fc2,0.0006,0.025,0.757576,0.0742268876755586,0.020826
1488,47,0.73675,0.1334541494296824,r1,0.0001,0.025,0.757576,0.1049726712435193,0.020826
1489,47,0.73675,0.1334541494296824,r1,0.0002,0.025,0.757576,0.1049726712435193,0.020826
1490,47,0.73675,0.1334541494296824,r1,0.0004,0.025,0.78030325,0.0757574999999999,0.0435532499999999
1491,47,0.73675,0.1334541494296824,r1,0.0006,0.025,0.73295475,0.0113634999999999,-0.00379525
1492,47,0.73675,0.1334541494296824,r1fc1fc2,0.0001,0.025,0.757576,0.1049726712435193,0.020826
1493,47,0.73675,0.1334541494296824,r1fc1fc2,0.0002,0.025,0.757576,0.0742268876755586,0.020826
1494,47,0.73675,0.1334541494296824,r1fc1fc2,0.0004,0.025,0.73295475,0.0750916772102607,-0.00379525
1495,47,0.73675,0.1334541494296824,r1fc1fc2,0.0006,0.025,0.757576,0.0742268876755586,0.020826
1508,48,0.979175,0.04165,fc1,0.0001,0.025,1.0,0.0,0.0208249999999999
1509,48,0.979175,0.04165,fc1,0.0002,0.025,1.0,0.0,0.0208249999999999
1510,48,0.979175,0.04165,fc1,0.0004,0.025,1.0,0.0,0.0208249999999999
1511,48,0.979175,0.04165,fc1,0.0006,0.025,1.0,0.0,0.0208249999999999
1512,48,0.979175,0.04165,fc1fc2,0.0001,0.025,1.0,0.0,0.0208249999999999
1513,48,0.979175,0.04165,fc1fc2,0.0002,0.025,1.0,0.0,0.0208249999999999
1514,48,0.979175,0.04165,fc1fc2,0.0004,0.025,1.0,0.0,0.0208249999999999
1515,48,0.979175,0.04165,fc1fc2,0.0006,0.025,1.0,0.0,0.0208249999999999
1516,48,0.979175,0.04165,fc2,0.0001,0.025,1.0,0.0,0.0208249999999999
1517,48,0.979175,0.04165,fc2,0.0002,0.025,1.0,0.0,0.0208249999999999
1518,48,0.979175,0.04165,fc2,0.0004,0.025,1.0,0.0,0.0208249999999999
1519,48,0.979175,0.04165,fc2,0.0006,0.025,1.0,0.0,0.0208249999999999
1520,48,0.979175,0.04165,r1,0.0001,0.025,1.0,0.0,0.0208249999999999
1521,48,0.979175,0.04165,r1,0.0002,0.025,1.0,0.0,0.0208249999999999
1522,48,0.979175,0.04165,r1,0.0004,0.025,1.0,0.0,0.0208249999999999
1523,48,0.979175,0.04165,r1,0.0006,0.025,1.0,0.0,0.0208249999999999
1524,48,0.979175,0.04165,r1fc1fc2,0.0001,0.025,1.0,0.0,0.0208249999999999
1525,48,0.979175,0.04165,r1fc1fc2,0.0002,0.025,1.0,0.0,0.0208249999999999
1526,48,0.979175,0.04165,r1fc1fc2,0.0004,0.025,1.0,0.0,0.0208249999999999
1527,48,0.979175,0.04165,r1fc1fc2,0.0006,0.025,1.0,0.0,0.0208249999999999
1540,49,0.744325,0.180383154701319,fc1,0.0001,0.025,0.7734847499999999,0.0699980008684772,0.0291597499999999
1541,49,0.744325,0.180383154701319,fc1,0.0002,0.025,0.7920455,0.1351539450910208,0.0477204999999999
1542,49,0.744325,0.180383154701319,fc1,0.0004,0.025,0.7920455,0.1351539450910208,0.0477204999999999
1543,49,0.744325,0.180383154701319,fc1,0.0006,0.025,0.771212,0.1143645736610191,0.0268869999999999
1544,49,0.744325,0.180383154701319,fc1fc2,0.0001,0.025,0.7734847499999999,0.0699980008684772,0.0291597499999999
1545,49,0.744325,0.180383154701319,fc1fc2,0.0002,0.025,0.7920455,0.1351539450910208,0.0477204999999999
1546,49,0.744325,0.180383154701319,fc1fc2,0.0004,0.025,0.7920455,0.1351539450910208,0.0477204999999999
1547,49,0.744325,0.180383154701319,fc1fc2,0.0006,0.025,0.771212,0.1143645736610191,0.0268869999999999
1548,49,0.744325,0.180383154701319,fc2,0.0001,0.025,0.74848475,0.1108995196514244,0.00415975
1549,49,0.744325,0.180383154701319,fc2,0.0002,0.025,0.74848475,0.1108995196514244,0.00415975
1550,49,0.744325,0.180383154701319,fc2,0.0004,0.025,0.76931825,0.1369257891155521,0.0249932499999999
1551,49,0.744325,0.180383154701319,fc2,0.0006,0.025,0.77121225,0.1330749610968069,0.02688725
1552,49,0.744325,0.180383154701319,r1,0.0001,0.025,0.74848475,0.1108995196514244,0.00415975
1553,49,0.744325,0.180383154701319,r1,0.0002,0.025,0.773106,0.1324371375735169,0.0287809999999999
1554,49,0.744325,0.180383154701319,r1,0.0004,0.025,0.72537875,0.1545621236555601,-0.01894625
1555,49,0.744325,0.180383154701319,r1,0.0006,0.025,0.746212,0.164296649515442,0.0018869999999999
1556,49,0.744325,0.180383154701319,r1fc1fc2,0.0001,0.025,0.7734847499999999,0.0699980008684772,0.0291597499999999
1557,49,0.744325,0.180383154701319,r1fc1fc2,0.0002,0.025,0.7670455,0.1832201468370768,0.0227205
1558,49,0.744325,0.180383154701319,r1fc1fc2,0.0004,0.025,0.76477275,0.2460753864765497,0.0204477499999999
1559,49,0.744325,0.180383154701319,r1fc1fc2,0.0006,0.025,0.76477275,0.2460753864765497,0.0204477499999999
1572,50,0.764775,0.1909970396803748,fc1,0.0001,0.025,0.82727275,0.1122711190062549,0.06249775
1573,50,0.764775,0.1909970396803748,fc1,0.0002,0.025,0.825,0.1370994502517545,0.0602249999999999
1574,50,0.764775,0.1909970396803748,fc1,0.0004,0.025,0.82727275,0.1122711190062549,0.06249775
1575,50,0.764775,0.1909970396803748,fc1,0.0006,0.025,0.7795455,0.0764761762925771,0.0147705
1576,50,0.764775,0.1909970396803748,fc1fc2,0.0001,0.025,0.82727275,0.1122711190062549,0.06249775
1577,50,0.764775,0.1909970396803748,fc1fc2,0.0002,0.025,0.80227275,0.1012734951978222,0.0374977499999999
1578,50,0.764775,0.1909970396803748,fc1fc2,0.0004,0.025,0.82727275,0.1122711190062549,0.06249775
1579,50,0.764775,0.1909970396803748,fc1fc2,0.0006,0.025,0.848106,0.0736097507716651,0.083331
1580,50,0.764775,0.1909970396803748,fc2,0.0001,0.025,0.723106,0.2122849391941563,-0.0416689999999999
1581,50,0.764775,0.1909970396803748,fc2,0.0002,0.025,0.76477275,0.1909947727999817,-2.249999999981433e-06
1582,50,0.764775,0.1909970396803748,fc2,0.0004,0.025,0.82727275,0.1122711190062549,0.06249775
1583,50,0.764775,0.1909970396803748,fc2,0.0006,0.025,0.83143925,0.178888063973676,0.0666642499999999
1584,50,0.764775,0.1909970396803748,r1,0.0001,0.025,0.8064395,0.1183394362684449,0.0416644999999999
1585,50,0.764775,0.1909970396803748,r1,0.0002,0.025,0.823106,0.0667742121530959,0.058331
1586,50,0.764775,0.1909970396803748,r1,0.0004,0.025,0.848106,0.0736097507716651,0.083331
1587,50,0.764775,0.1909970396803748,r1,0.0006,0.025,0.758712,0.117710757262594,-0.0060629999999999
1588,50,0.764775,0.1909970396803748,r1fc1fc2,0.0001,0.025,0.848106,0.0736097507716651,0.083331
1589,50,0.764775,0.1909970396803748,r1fc1fc2,0.0002,0.025,0.8291665,0.177625954268138,0.0643915
1590,50,0.764775,0.1909970396803748,r1fc1fc2,0.0004,0.025,0.823106,0.0667742121530959,0.058331
1591,50,0.764775,0.1909970396803748,r1fc1fc2,0.0006,0.025,0.82537875,0.0615503864237801,0.06060375
1604,51,0.7557,0.085785546568172,fc1,0.0001,0.025,0.820076,0.0773507004105328,0.0643759999999999
1605,51,0.7557,0.085785546568172,fc1,0.0002,0.025,0.820076,0.0773507004105328,0.0643759999999999
1606,51,0.7557,0.085785546568172,fc1,0.0004,0.025,0.79734875,0.1169344305251879,0.04164875
1607,51,0.7557,0.085785546568172,fc1,0.0006,0.025,0.79545475,0.1552566745304368,0.0397547499999999
1608,51,0.7557,0.085785546568172,fc1fc2,0.0001,0.025,0.820076,0.0773507004105328,0.0643759999999999
1609,51,0.7557,0.085785546568172,fc1fc2,0.0002,0.025,0.820076,0.0773507004105328,0.0643759999999999
1610,51,0.7557,0.085785546568172,fc1fc2,0.0004,0.025,0.7746215,0.1203210399847009,0.0189214999999999
1611,51,0.7557,0.085785546568172,fc1fc2,0.0006,0.025,0.7746215,0.1203210399847009,0.0189214999999999
1612,51,0.7557,0.085785546568172,fc2,0.0001,0.025,0.820076,0.0773507004105328,0.0643759999999999
1613,51,0.7557,0.085785546568172,fc2,0.0002,0.025,0.820076,0.0773507004105328,0.0643759999999999
1614,51,0.7557,0.085785546568172,fc2,0.0004,0.025,0.7746215,0.1203210399847009,0.0189214999999999
1615,51,0.7557,0.085785546568172,fc2,0.0006,0.025,0.7746215,0.1203210399847009,0.0189214999999999
1616,51,0.7557,0.085785546568172,r1,0.0001,0.025,0.820076,0.0773507004105328,0.0643759999999999
1617,51,0.7557,0.085785546568172,r1,0.0002,0.025,0.7973487499999999,0.0903550230382904,0.0416487499999999
1618,51,0.7557,0.085785546568172,r1,0.0004,0.025,0.820076,0.0773507004105328,0.0643759999999999
1619,51,0.7557,0.085785546568172,r1,0.0006,0.025,0.818182,0.1285647407417757,0.0624819999999999
1620,51,0.7557,0.085785546568172,r1fc1fc2,0.0001,0.025,0.820076,0.0773507004105328,0.0643759999999999
1621,51,0.7557,0.085785546568172,r1fc1fc2,0.0002,0.025,0.7973487499999999,0.0903550230382904,0.0416487499999999
1622,51,0.7557,0.085785546568172,r1fc1fc2,0.0004,0.025,0.7992425,0.0485083513119132,0.0435424999999999
1623,51,0.7557,0.085785546568172,r1fc1fc2,0.0006,0.025,0.820076,0.0773507004105328,0.0643759999999999
1636,52,0.888275,0.0468538418915674,fc1,0.0001,0.025,0.88825775,0.0468534766933042,-1.72500000000797e-05
1637,52,0.888275,0.0468538418915674,fc1,0.0002,0.025,0.88825775,0.0468534766933042,-1.72500000000797e-05
1638,52,0.888275,0.0468538418915674,fc1,0.0004,0.025,0.88825775,0.0468534766933042,-1.72500000000797e-05
1639,52,0.888275,0.0468538418915674,fc1,0.0006,0.025,0.88825775,0.0468534766933042,-1.72500000000797e-05
1640,52,0.888275,0.0468538418915674,fc1fc2,0.0001,0.025,0.88825775,0.0468534766933042,-1.72500000000797e-05
1641,52,0.888275,0.0468538418915674,fc1fc2,0.0002,0.025,0.88825775,0.0468534766933042,-1.72500000000797e-05
1642,52,0.888275,0.0468538418915674,fc1fc2,0.0004,0.025,0.88825775,0.0468534766933042,-1.72500000000797e-05
1643,52,0.888275,0.0468538418915674,fc1fc2,0.0006,0.025,0.88825775,0.0468534766933042,-1.72500000000797e-05
1644,52,0.888275,0.0468538418915674,fc2,0.0001,0.025,0.88825775,0.0468534766933042,-1.72500000000797e-05
1645,52,0.888275,0.0468538418915674,fc2,0.0002,0.025,0.88825775,0.0468534766933042,-1.72500000000797e-05
1646,52,0.888275,0.0468538418915674,fc2,0.0004,0.025,0.88825775,0.0468534766933042,-1.72500000000797e-05
1647,52,0.888275,0.0468538418915674,fc2,0.0006,0.025,0.88825775,0.0468534766933042,-1.72500000000797e-05
1648,52,0.888275,0.0468538418915674,r1,0.0001,0.025,0.88825775,0.0468534766933042,-1.72500000000797e-05
1649,52,0.888275,0.0468538418915674,r1,0.0002,0.025,0.909091,0.0742268876755586,0.0208159999999999
1650,52,0.888275,0.0468538418915674,r1,0.0004,0.025,0.88825775,0.0468534766933042,-1.72500000000797e-05
1651,52,0.888275,0.0468538418915674,r1,0.0006,0.025,0.88825775,0.0468534766933042,-1.72500000000797e-05
1652,52,0.888275,0.0468538418915674,r1fc1fc2,0.0001,0.025,0.88825775,0.0468534766933042,-1.72500000000797e-05
1653,52,0.888275,0.0468538418915674,r1fc1fc2,0.0002,0.025,0.88825775,0.0468534766933042,-1.72500000000797e-05
1654,52,0.888275,0.0468538418915674,r1fc1fc2,0.0004,0.025,0.909091,0.0742268876755586,0.0208159999999999
1655,52,0.888275,0.0468538418915674,r1fc1fc2,0.0006,0.025,0.88825775,0.0468534766933042,-1.72500000000797e-05
1668,53,0.916675,0.1178511313762692,fc1,0.0001,0.025,0.91666675,0.1178511301978758,-8.250000000042945e-06
1669,53,0.916675,0.1178511313762692,fc1,0.0002,0.025,0.9375,0.125,0.0208249999999999
1670,53,0.916675,0.1178511313762692,fc1,0.0004,0.025,0.935606,0.0805315388031298,0.0189309999999999
1671,53,0.916675,0.1178511313762692,fc1,0.0006,0.025,0.9564395,0.0503943334413701,0.0397644999999999
1672,53,0.916675,0.1178511313762692,fc1fc2,0.0001,0.025,0.91666675,0.1178511301978758,-8.250000000042945e-06
1673,53,0.916675,0.1178511313762692,fc1fc2,0.0002,0.025,0.9375,0.125,0.0208249999999999
1674,53,0.916675,0.1178511313762692,fc1fc2,0.0004,0.025,0.935606,0.0805315388031298,0.0189309999999999
1675,53,0.916675,0.1178511313762692,fc1fc2,0.0006,0.025,0.9564395,0.0503943334413701,0.0397644999999999
1676,53,0.916675,0.1178511313762692,fc2,0.0001,0.025,0.91666675,0.1178511301978758,-8.250000000042945e-06
1677,53,0.916675,0.1178511313762692,fc2,0.0002,0.025,0.9375,0.125,0.0208249999999999
1678,53,0.916675,0.1178511313762692,fc2,0.0004,0.025,0.935606,0.0805315388031298,0.0189309999999999
1679,53,0.916675,0.1178511313762692,fc2,0.0006,0.025,0.935606,0.0805315388031298,0.0189309999999999
1680,53,0.916675,0.1178511313762692,r1,0.0001,0.025,0.91666675,0.1178511301978758,-8.250000000042945e-06
1681,53,0.916675,0.1178511313762692,r1,0.0002,0.025,0.9375,0.0797857083651786,0.0208249999999999
1682,53,0.916675,0.1178511313762692,r1,0.0004,0.025,0.91477275,0.0681468695508702,-0.0019022499999999
1683,53,0.916675,0.1178511313762692,r1,0.0006,0.025,0.9564395,0.0503943334413701,0.0397644999999999
1684,53,0.916675,0.1178511313762692,r1fc1fc2,0.0001,0.025,0.91666675,0.1178511301978758,-8.250000000042945e-06
1685,53,0.916675,0.1178511313762692,r1fc1fc2,0.0002,0.025,0.9375,0.0797857083651786,0.0208249999999999
1686,53,0.916675,0.1178511313762692,r1fc1fc2,0.0004,0.025,0.912879,0.0743556506214109,-0.003796
1687,53,0.916675,0.1178511313762692,r1fc1fc2,0.0006,0.025,0.871212,0.0861552225656305,-0.045463
1700,54,0.7985,0.084449551015187,fc1,0.0001,0.025,0.86477275,0.1119803698731017,0.0662727499999999
1701,54,0.7985,0.084449551015187,fc1,0.0002,0.025,0.8439395000000001,0.0822381025417455,0.0454395
1702,54,0.7985,0.084449551015187,fc1,0.0004,0.025,0.8439395000000001,0.0822381025417455,0.0454395
1703,54,0.7985,0.084449551015187,fc1,0.0006,0.025,0.8439395000000001,0.0822381025417455,0.0454395
1704,54,0.7985,0.084449551015187,fc1fc2,0.0001,0.025,0.86477275,0.1119803698731017,0.0662727499999999
1705,54,0.7985,0.084449551015187,fc1fc2,0.0002,0.025,0.8439395000000001,0.0822381025417455,0.0454395
1706,54,0.7985,0.084449551015187,fc1fc2,0.0004,0.025,0.8439395000000001,0.0822381025417455,0.0454395
1707,54,0.7985,0.084449551015187,fc1fc2,0.0006,0.025,0.8439395000000001,0.0822381025417455,0.0454395
1708,54,0.7985,0.084449551015187,fc2,0.0001,0.025,0.86477275,0.1119803698731017,0.0662727499999999
1709,54,0.7985,0.084449551015187,fc2,0.0002,0.025,0.8439395000000001,0.0822381025417455,0.0454395
1710,54,0.7985,0.084449551015187,fc2,0.0004,0.025,0.8439395000000001,0.0822381025417455,0.0454395
1711,54,0.7985,0.084449551015187,fc2,0.0006,0.025,0.8189394999999999,0.1104192261776302,0.0204394999999999
1712,54,0.7985,0.084449551015187,r1,0.0001,0.025,0.86477275,0.1119803698731017,0.0662727499999999
1713,54,0.7985,0.084449551015187,r1,0.0002,0.025,0.8439395000000001,0.0822381025417455,0.0454395
1714,54,0.7985,0.084449551015187,r1,0.0004,0.025,0.823106,0.0667742121530959,0.024606
1715,54,0.7985,0.084449551015187,r1,0.0006,0.025,0.823106,0.0667742121530959,0.024606
1716,54,0.7985,0.084449551015187,r1fc1fc2,0.0001,0.025,0.86477275,0.1119803698731017,0.0662727499999999
1717,54,0.7985,0.084449551015187,r1fc1fc2,0.0002,0.025,0.8439395000000001,0.0822381025417455,0.0454395
1718,54,0.7985,0.084449551015187,r1fc1fc2,0.0004,0.025,0.8439395000000001,0.0822381025417455,0.0454395
1719,54,0.7985,0.084449551015187,r1fc1fc2,0.0006,0.025,0.8189394999999999,0.1104192261776302,0.0204394999999999
1732,55,0.979175,0.04165,fc1,0.0001,0.025,0.9583335,0.048112329982379,-0.0208415
1733,55,0.979175,0.04165,fc1,0.0002,0.025,0.9375,0.0797857083651786,-0.041675
1734,55,0.979175,0.04165,fc1,0.0004,0.025,0.9125,0.0685499277364073,-0.066675
1735,55,0.979175,0.04165,fc1,0.0006,0.025,0.9125,0.0685499277364073,-0.066675
1736,55,0.979175,0.04165,fc1fc2,0.0001,0.025,0.9583335,0.048112329982379,-0.0208415
1737,55,0.979175,0.04165,fc1fc2,0.0002,0.025,0.9375,0.0797857083651786,-0.041675
1738,55,0.979175,0.04165,fc1fc2,0.0004,0.025,0.9125,0.0685499277364073,-0.066675
1739,55,0.979175,0.04165,fc1fc2,0.0006,0.025,0.88977275,0.0382384513666109,-0.08940225
1740,55,0.979175,0.04165,fc2,0.0001,0.025,0.9583335,0.048112329982379,-0.0208415
1741,55,0.979175,0.04165,fc2,0.0002,0.025,0.9375,0.0797857083651786,-0.041675
1742,55,0.979175,0.04165,fc2,0.0004,0.025,0.9375,0.0797857083651786,-0.041675
1743,55,0.979175,0.04165,fc2,0.0006,0.025,0.9375,0.0797857083651786,-0.041675
1744,55,0.979175,0.04165,r1,0.0001,0.025,0.9583335,0.048112329982379,-0.0208415
1745,55,0.979175,0.04165,r1,0.0002,0.025,0.9125,0.0685499277364073,-0.066675
1746,55,0.979175,0.04165,r1,0.0004,0.025,0.88977275,0.0382384513666109,-0.08940225
1747,55,0.979175,0.04165,r1,0.0006,0.025,0.88977275,0.0382384513666109,-0.08940225
1748,55,0.979175,0.04165,r1fc1fc2,0.0001,0.025,0.9583335,0.048112329982379,-0.0208415
1749,55,0.979175,0.04165,r1fc1fc2,0.0002,0.025,0.9333335,0.0451334646317637,-0.0458414999999999
1750,55,0.979175,0.04165,r1fc1fc2,0.0004,0.025,0.91060625,0.0079215718715837,-0.0685687499999999
1751,55,0.979175,0.04165,r1fc1fc2,0.0006,0.025,0.8689392499999999,0.0412817283906169,-0.11023575
1764,56,0.927275,0.0950563122575244,fc1,0.0001,0.025,0.9064395,0.0820458541081347,-0.0208355
1765,56,0.927275,0.0950563122575244,fc1,0.0002,0.025,0.88371225,0.0929351221959885,-0.04356275
1766,56,0.927275,0.0950563122575244,fc1,0.0004,0.025,0.85871225,0.1292971523439321,-0.0685627500000001
1767,56,0.927275,0.0950563122575244,fc1,0.0006,0.025,0.8814394999999999,0.1277790626159074,-0.0458355000000001
1768,56,0.927275,0.0950563122575244,fc1fc2,0.0001,0.025,0.9064395,0.0820458541081347,-0.0208355
1769,56,0.927275,0.0950563122575244,fc1fc2,0.0002,0.025,0.88371225,0.0929351221959885,-0.04356275
1770,56,0.927275,0.0950563122575244,fc1fc2,0.0004,0.025,0.837879,0.1029784578411103,-0.089396
1771,56,0.927275,0.0950563122575244,fc1fc2,0.0006,0.025,0.83560625,0.157111429568051,-0.09166875
1772,56,0.927275,0.0950563122575244,fc2,0.0001,0.025,0.9064395,0.0820458541081347,-0.0208355
1773,56,0.927275,0.0950563122575244,fc2,0.0002,0.025,0.9064395,0.0820458541081347,-0.0208355
1774,56,0.927275,0.0950563122575244,fc2,0.0004,0.025,0.88371225,0.0929351221959885,-0.04356275
1775,56,0.927275,0.0950563122575244,fc2,0.0006,0.025,0.85871225,0.1292971523439321,-0.0685627500000001
1776,56,0.927275,0.0950563122575244,r1,0.0001,0.025,0.9064395,0.0820458541081347,-0.0208355
1777,56,0.927275,0.0950563122575244,r1,0.0002,0.025,0.862879,0.0625510147479639,-0.0643960000000001
1778,56,0.927275,0.0950563122575244,r1,0.0004,0.025,0.837879,0.1029784578411103,-0.089396
1779,56,0.927275,0.0950563122575244,r1,0.0006,0.025,0.812879,0.1493201128872687,-0.114396
1780,56,0.927275,0.0950563122575244,r1fc1fc2,0.0001,0.025,0.9064395,0.0820458541081347,-0.0208355
1781,56,0.927275,0.0950563122575244,r1fc1fc2,0.0002,0.025,0.862879,0.0625510147479639,-0.0643960000000001
1782,56,0.927275,0.0950563122575244,r1fc1fc2,0.0004,0.025,0.83560625,0.157111429568051,-0.09166875
1783,56,0.927275,0.0950563122575244,r1fc1fc2,0.0006,0.025,0.83560625,0.157111429568051,-0.09166875
1796,57,0.95645,0.0503828343783872,fc1,0.0001,0.025,0.9564395,0.0503943334413701,-1.050000000002438e-05
1797,57,0.95645,0.0503828343783872,fc1,0.0002,0.025,0.935606,0.0805315388031297,-0.020844
1798,57,0.95645,0.0503828343783872,fc1,0.0004,0.025,0.935606,0.0805315388031297,-0.020844
1799,57,0.95645,0.0503828343783872,fc1,0.0006,0.025,0.935606,0.0805315388031297,-0.020844
1800,57,0.95645,0.0503828343783872,fc1fc2,0.0001,0.025,0.9564395,0.0503943334413701,-1.050000000002438e-05
1801,57,0.95645,0.0503828343783872,fc1fc2,0.0002,0.025,0.935606,0.0805315388031297,-0.020844
1802,57,0.95645,0.0503828343783872,fc1fc2,0.0004,0.025,0.935606,0.0805315388031297,-0.020844
1803,57,0.95645,0.0503828343783872,fc1fc2,0.0006,0.025,0.935606,0.0805315388031297,-0.020844
1804,57,0.95645,0.0503828343783872,fc2,0.0001,0.025,0.9564395,0.0503943334413701,-1.050000000002438e-05
1805,57,0.95645,0.0503828343783872,fc2,0.0002,0.025,0.9564395,0.0503943334413701,-1.050000000002438e-05
1806,57,0.95645,0.0503828343783872,fc2,0.0004,0.025,0.935606,0.0805315388031297,-0.020844
1807,57,0.95645,0.0503828343783872,fc2,0.0006,0.025,0.935606,0.0805315388031297,-0.020844
1808,57,0.95645,0.0503828343783872,r1,0.0001,0.025,0.9564395,0.0503943334413701,-1.050000000002438e-05
1809,57,0.95645,0.0503828343783872,r1,0.0002,0.025,0.935606,0.0805315388031297,-0.020844
1810,57,0.95645,0.0503828343783872,r1,0.0004,0.025,0.91477275,0.1179119865418694,-0.04167725
1811,57,0.95645,0.0503828343783872,r1,0.0006,0.025,0.935606,0.0805315388031297,-0.020844
1812,57,0.95645,0.0503828343783872,r1fc1fc2,0.0001,0.025,0.9564395,0.0503943334413701,-1.050000000002438e-05
1813,57,0.95645,0.0503828343783872,r1fc1fc2,0.0002,0.025,0.935606,0.0805315388031297,-0.020844
1814,57,0.95645,0.0503828343783872,r1fc1fc2,0.0004,0.025,0.935606,0.0805315388031297,-0.020844
1815,57,0.95645,0.0503828343783872,r1fc1fc2,0.0006,0.025,0.935606,0.0805315388031297,-0.020844
1828,58,0.7538,0.0912005482439661,fc1,0.0001,0.025,0.7992425,0.0886718162721391,0.0454424999999999
1829,58,0.7538,0.0912005482439661,fc1,0.0002,0.025,0.77651525,0.1195432394083831,0.0227152499999999
1830,58,0.7538,0.0912005482439661,fc1,0.0004,0.025,0.753788,0.1390721879528757,-1.2000000000012e-05
1831,58,0.7538,0.0912005482439661,fc1,0.0006,0.025,0.753788,0.1390721879528757,-1.2000000000012e-05
1832,58,0.7538,0.0912005482439661,fc1fc2,0.0001,0.025,0.7992425,0.0886718162721391,0.0454424999999999
1833,58,0.7538,0.0912005482439661,fc1fc2,0.0002,0.025,0.77651525,0.1195432394083831,0.0227152499999999
1834,58,0.7538,0.0912005482439661,fc1fc2,0.0004,0.025,0.753788,0.1390721879528757,-1.2000000000012e-05
1835,58,0.7538,0.0912005482439661,fc1fc2,0.0006,0.025,0.753788,0.1390721879528757,-1.2000000000012e-05
1836,58,0.7538,0.0912005482439661,fc2,0.0001,0.025,0.7992425,0.0886718162721391,0.0454424999999999
1837,58,0.7538,0.0912005482439661,fc2,0.0002,0.025,0.77651525,0.0571954926567644,0.0227152499999999
1838,58,0.7538,0.0912005482439661,fc2,0.0004,0.025,0.753788,0.0912239648009227,-1.2000000000012e-05
1839,58,0.7538,0.0912005482439661,fc2,0.0006,0.025,0.73106075,0.1095211916217586,-0.0227392499999999
1840,58,0.7538,0.0912005482439661,r1,0.0001,0.025,0.7992425,0.0886718162721391,0.0454424999999999
1841,58,0.7538,0.0912005482439661,r1,0.0002,0.025,0.753788,0.0912239648009227,-1.2000000000012e-05
1842,58,0.7538,0.0912005482439661,r1,0.0004,0.025,0.73295475,0.1290659586965129,-0.02084525
1843,58,0.7538,0.0912005482439661,r1,0.0006,0.025,0.753788,0.1390721879528757,-1.2000000000012e-05
1844,58,0.7538,0.0912005482439661,r1fc1fc2,0.0001,0.025,0.7992425,0.0886718162721391,0.0454424999999999
1845,58,0.7538,0.0912005482439661,r1fc1fc2,0.0002,0.025,0.755682,0.1134467023319761,0.0018819999999999
1846,58,0.7538,0.0912005482439661,r1fc1fc2,0.0004,0.025,0.73295475,0.1290659586965129,-0.02084525
1847,58,0.7538,0.0912005482439661,r1fc1fc2,0.0006,0.025,0.7765152500000001,0.175554773931813,0.02271525
1860,59,0.734875,0.0624650502281075,fc1,0.0001,0.025,0.68939425,0.0454544999999999,-0.0454807499999999
1861,59,0.734875,0.0624650502281075,fc1,0.0002,0.025,0.68750025,0.0953009532704158,-0.0473747499999999
1862,59,0.734875,0.0624650502281075,fc1,0.0004,0.025,0.7121215,0.0801742019791902,-0.0227534999999999
1863,59,0.734875,0.0624650502281075,fc1,0.0006,0.025,0.7121215,0.0801742019791902,-0.0227534999999999
1864,59,0.734875,0.0624650502281075,fc1fc2,0.0001,0.025,0.68939425,0.0454544999999999,-0.0454807499999999
1865,59,0.734875,0.0624650502281075,fc1fc2,0.0002,0.025,0.666667,0.0857098271611837,-0.0682079999999999
1866,59,0.734875,0.0624650502281075,fc1fc2,0.0004,0.025,0.7121215,0.132087714686113,-0.0227534999999999
1867,59,0.734875,0.0624650502281075,fc1fc2,0.0006,0.025,0.77651525,0.0937067512735874,0.04164025
1868,59,0.734875,0.0624650502281075,fc2,0.0001,0.025,0.7121215,0.0303029999999999,-0.0227534999999999
1869,59,0.734875,0.0624650502281075,fc2,0.0002,0.025,0.7121215,0.0801742019791902,-0.0227534999999999
1870,59,0.734875,0.0624650502281075,fc2,0.0004,0.025,0.73484875,0.0970169368834637,-2.6249999999894413e-05
1871,59,0.734875,0.0624650502281075,fc2,0.0006,0.025,0.7784092499999999,0.0468534766933042,0.04353425
1872,59,0.734875,0.0624650502281075,r1,0.0001,0.025,0.7348487499999999,0.0624712348865459,-2.625000000000544e-05
1873,59,0.734875,0.0624650502281075,r1,0.0002,0.025,0.666667,0.0857098271611837,-0.0682079999999999
1874,59,0.734875,0.0624650502281075,r1,0.0004,0.025,0.68939425,0.1143913164460047,-0.0454807499999999
1875,59,0.734875,0.0624650502281075,r1,0.0006,0.025,0.62310625,0.0788206990215767,-0.1117687499999999
1876,59,0.734875,0.0624650502281075,r1fc1fc2,0.0001,0.025,0.666667,0.0857098271611837,-0.0682079999999999
1877,59,0.734875,0.0624650502281075,r1fc1fc2,0.0002,0.025,0.73484875,0.0970169368834637,-2.6249999999894413e-05
1878,59,0.734875,0.0624650502281075,r1fc1fc2,0.0004,0.025,0.691288,0.1473382959790155,-0.0435869999999999
1879,59,0.734875,0.0624650502281075,r1fc1fc2,0.0006,0.025,0.7121215,0.132087714686113,-0.0227534999999999
1892,60,0.875,0.1443375672974064,fc1,0.0001,0.025,0.8064395,0.1183394362684449,-0.0685605
1893,60,0.875,0.1443375672974064,fc1,0.0002,0.025,0.7814395000000001,0.1013254928913088,-0.0935604999999999
1894,60,0.875,0.1443375672974064,fc1,0.0004,0.025,0.823106,0.0667742121530959,-0.0518939999999999
1895,60,0.875,0.1443375672974064,fc1,0.0006,0.025,0.823106,0.0667742121530959,-0.0518939999999999
1896,60,0.875,0.1443375672974064,fc1fc2,0.0001,0.025,0.8064395,0.1183394362684449,-0.0685605
1897,60,0.875,0.1443375672974064,fc1fc2,0.0002,0.025,0.7814395000000001,0.1013254928913088,-0.0935604999999999
1898,60,0.875,0.1443375672974064,fc1fc2,0.0004,0.025,0.823106,0.0667742121530959,-0.0518939999999999
1899,60,0.875,0.1443375672974064,fc1fc2,0.0006,0.025,0.823106,0.0667742121530959,-0.0518939999999999
1900,60,0.875,0.1443375672974064,fc2,0.0001,0.025,0.8314395,0.1508031459983511,-0.0435605
1901,60,0.875,0.1443375672974064,fc2,0.0002,0.025,0.7814395000000001,0.1013254928913088,-0.0935604999999999
1902,60,0.875,0.1443375672974064,fc2,0.0004,0.025,0.80227275,0.0750115206946017,-0.07272725
1903,60,0.875,0.1443375672974064,fc2,0.0006,0.025,0.823106,0.0667742121530959,-0.0518939999999999
1904,60,0.875,0.1443375672974064,r1,0.0001,0.025,0.8064395,0.1183394362684449,-0.0685605
1905,60,0.875,0.1443375672974064,r1,0.0002,0.025,0.823106,0.0667742121530959,-0.0518939999999999
1906,60,0.875,0.1443375672974064,r1,0.0004,0.025,0.823106,0.0667742121530959,-0.0518939999999999
1907,60,0.875,0.1443375672974064,r1,0.0006,0.025,0.823106,0.0667742121530959,-0.0518939999999999
1908,60,0.875,0.1443375672974064,r1fc1fc2,0.0001,0.025,0.8064395,0.1183394362684449,-0.0685605
1909,60,0.875,0.1443375672974064,r1fc1fc2,0.0002,0.025,0.823106,0.0667742121530959,-0.0518939999999999
1910,60,0.875,0.1443375672974064,r1fc1fc2,0.0004,0.025,0.823106,0.0667742121530959,-0.0518939999999999
1911,60,0.875,0.1443375672974064,r1fc1fc2,0.0006,0.025,0.80227275,0.0750115206946017,-0.07272725
1924,61,0.954175,0.0533515619890052,fc1,0.0001,0.025,0.97916675,0.0416664999999999,0.0249917499999999
1925,61,0.954175,0.0533515619890052,fc1,0.0002,0.025,0.9583335,0.048112329982379,0.0041584999999999
1926,61,0.954175,0.0533515619890052,fc1,0.0004,0.025,0.9583335,0.048112329982379,0.0041584999999999
1927,61,0.954175,0.0533515619890052,fc1,0.0006,0.025,0.97916675,0.0416664999999999,0.0249917499999999
1928,61,0.954175,0.0533515619890052,fc1fc2,0.0001,0.025,0.97916675,0.0416664999999999,0.0249917499999999
1929,61,0.954175,0.0533515619890052,fc1fc2,0.0002,0.025,0.9375,0.0797857083651786,-0.0166749999999999
1930,61,0.954175,0.0533515619890052,fc1fc2,0.0004,0.025,0.9583335,0.048112329982379,0.0041584999999999
1931,61,0.954175,0.0533515619890052,fc1fc2,0.0006,0.025,0.97916675,0.0416664999999999,0.0249917499999999
1932,61,0.954175,0.0533515619890052,fc2,0.0001,0.025,0.97916675,0.0416664999999999,0.0249917499999999
1933,61,0.954175,0.0533515619890052,fc2,0.0002,0.025,0.97916675,0.0416664999999999,0.0249917499999999
1934,61,0.954175,0.0533515619890052,fc2,0.0004,0.025,0.97916675,0.0416664999999999,0.0249917499999999
1935,61,0.954175,0.0533515619890052,fc2,0.0006,0.025,0.97916675,0.0416664999999999,0.0249917499999999
1936,61,0.954175,0.0533515619890052,r1,0.0001,0.025,0.97916675,0.0416664999999999,0.0249917499999999
1937,61,0.954175,0.0533515619890052,r1,0.0002,0.025,0.9375,0.0797857083651786,-0.0166749999999999
1938,61,0.954175,0.0533515619890052,r1,0.0004,0.025,0.9375,0.0797857083651786,-0.0166749999999999
1939,61,0.954175,0.0533515619890052,r1,0.0006,0.025,0.9375,0.0797857083651786,-0.0166749999999999
1940,61,0.954175,0.0533515619890052,r1fc1fc2,0.0001,0.025,0.9583335,0.048112329982379,0.0041584999999999
1941,61,0.954175,0.0533515619890052,r1fc1fc2,0.0002,0.025,0.9375,0.0797857083651786,-0.0166749999999999
1942,61,0.954175,0.0533515619890052,r1fc1fc2,0.0004,0.025,0.9583335,0.048112329982379,0.0041584999999999
1943,61,0.954175,0.0533515619890052,r1fc1fc2,0.0006,0.025,0.97916675,0.0416664999999999,0.0249917499999999
1956,62,0.8875,0.0896340337148785,fc1,0.0001,0.025,0.8875,0.0896238022290953,0.0
1957,62,0.8875,0.0896340337148785,fc1,0.0002,0.025,0.8875,0.0896238022290953,0.0
1958,62,0.8875,0.0896340337148785,fc1,0.0004,0.025,0.8875,0.0896238022290953,0.0
1959,62,0.8875,0.0896340337148785,fc1,0.0006,0.025,0.8625,0.1279287272637906,-0.0249999999999999
1960,62,0.8875,0.0896340337148785,fc1fc2,0.0001,0.025,0.8875,0.0896238022290953,0.0
1961,62,0.8875,0.0896340337148785,fc1fc2,0.0002,0.025,0.8875,0.0896238022290953,0.0
1962,62,0.8875,0.0896340337148785,fc1fc2,0.0004,0.025,0.8875,0.0896238022290953,0.0
1963,62,0.8875,0.0896340337148785,fc1fc2,0.0006,0.025,0.8875,0.0896238022290953,0.0
1964,62,0.8875,0.0896340337148785,fc2,0.0001,0.025,0.8875,0.0896238022290953,0.0
1965,62,0.8875,0.0896340337148785,fc2,0.0002,0.025,0.8625,0.1279287272637906,-0.0249999999999999
1966,62,0.8875,0.0896340337148785,fc2,0.0004,0.025,0.8625,0.1279287272637906,-0.0249999999999999
1967,62,0.8875,0.0896340337148785,fc2,0.0006,0.025,0.8625,0.1279287272637906,-0.0249999999999999
1968,62,0.8875,0.0896340337148785,r1,0.0001,0.025,0.8875,0.0896238022290953,0.0
1969,62,0.8875,0.0896340337148785,r1,0.0002,0.025,0.8625,0.1279287272637906,-0.0249999999999999
1970,62,0.8875,0.0896340337148785,r1,0.0004,0.025,0.8666665,0.0902671754460058,-0.0208334999999999
1971,62,0.8875,0.0896340337148785,r1,0.0006,0.025,0.84393925,0.0461894407007705,-0.0435607499999999
1972,62,0.8875,0.0896340337148785,r1fc1fc2,0.0001,0.025,0.8875,0.0896238022290953,0.0
1973,62,0.8875,0.0896340337148785,r1fc1fc2,0.0002,0.025,0.8666665,0.0902671754460058,-0.0208334999999999
1974,62,0.8875,0.0896340337148785,r1fc1fc2,0.0004,0.025,0.8666665,0.0902671754460058,-0.0208334999999999
1975,62,0.8875,0.0896340337148785,r1fc1fc2,0.0006,0.025,0.8875,0.0896238022290953,0.0
1988,63,0.729175,0.2083300006400102,fc1,0.0001,0.025,0.775,0.16583123951777,0.045825
1989,63,0.729175,0.2083300006400102,fc1,0.0002,0.025,0.775,0.16583123951777,0.045825
1990,63,0.729175,0.2083300006400102,fc1,0.0004,0.025,0.775,0.16583123951777,0.045825
1991,63,0.729175,0.2083300006400102,fc1,0.0006,0.025,0.75,0.2041241452319315,0.0208249999999999
1992,63,0.729175,0.2083300006400102,fc1fc2,0.0001,0.025,0.775,0.16583123951777,0.045825
1993,63,0.729175,0.2083300006400102,fc1fc2,0.0002,0.025,0.775,0.16583123951777,0.045825
1994,63,0.729175,0.2083300006400102,fc1fc2,0.0004,0.025,0.775,0.16583123951777,0.045825
1995,63,0.729175,0.2083300006400102,fc1fc2,0.0006,0.025,0.75,0.2041241452319315,0.0208249999999999
1996,63,0.729175,0.2083300006400102,fc2,0.0001,0.025,0.775,0.16583123951777,0.045825
1997,63,0.729175,0.2083300006400102,fc2,0.0002,0.025,0.775,0.16583123951777,0.045825
1998,63,0.729175,0.2083300006400102,fc2,0.0004,0.025,0.775,0.16583123951777,0.045825
1999,63,0.729175,0.2083300006400102,fc2,0.0006,0.025,0.75,0.2041241452319315,0.0208249999999999
2000,63,0.729175,0.2083300006400102,r1,0.0001,0.025,0.775,0.16583123951777,0.045825
2001,63,0.729175,0.2083300006400102,r1,0.0002,0.025,0.79583325,0.1668748449854461,0.06665825
2002,63,0.729175,0.2083300006400102,r1,0.0004,0.025,0.79583325,0.1668748449854461,0.06665825
2003,63,0.729175,0.2083300006400102,r1,0.0006,0.025,0.75,0.2041241452319315,0.0208249999999999
2004,63,0.729175,0.2083300006400102,r1fc1fc2,0.0001,0.025,0.775,0.16583123951777,0.045825
2005,63,0.729175,0.2083300006400102,r1fc1fc2,0.0002,0.025,0.8166665,0.1644294062194067,0.0874914999999999
2006,63,0.729175,0.2083300006400102,r1fc1fc2,0.0004,0.025,0.75416675,0.174999944444515,0.0249917499999999
2007,63,0.729175,0.2083300006400102,r1fc1fc2,0.0006,0.025,0.75416675,0.174999944444515,0.0249917499999999
2020,64,0.619725,0.0586280009892883,fc1,0.0001,0.025,0.7030305,0.166625338402257,0.0833055
2021,64,0.619725,0.0586280009892883,fc1,0.0002,0.025,0.64242425,0.0750574478488533,0.02269925
2022,64,0.619725,0.0586280009892883,fc1,0.0004,0.025,0.66325775,0.0639287562962344,0.04353275
2023,64,0.619725,0.0586280009892883,fc1,0.0006,0.025,0.64242425,0.0750574478488533,0.02269925
2024,64,0.619725,0.0586280009892883,fc1fc2,0.0001,0.025,0.70492425,0.1068179704493428,0.08519925
2025,64,0.619725,0.0586280009892883,fc1fc2,0.0002,0.025,0.64242425,0.0750574478488533,0.02269925
2026,64,0.619725,0.0586280009892883,fc1fc2,0.0004,0.025,0.66325775,0.0639287562962344,0.04353275
2027,64,0.619725,0.0586280009892883,fc1fc2,0.0006,0.025,0.72575775,0.1424081957434917,0.10603275
2028,64,0.619725,0.0586280009892883,fc2,0.0001,0.025,0.61969725,0.0586293674215405,-2.7749999999993055e-05
2029,64,0.619725,0.0586280009892883,fc2,0.0002,0.025,0.684091,0.1031599617907386,0.064366
2030,64,0.619725,0.0586280009892883,fc2,0.0004,0.025,0.64242425,0.0750574478488533,0.02269925
2031,64,0.619725,0.0586280009892883,fc2,0.0006,0.025,0.6196969999999999,0.0898165884418537,-2.8000000000028e-05
2032,64,0.619725,0.0586280009892883,r1,0.0001,0.025,0.6405305,0.0882208595760284,0.0208055
2033,64,0.619725,0.0586280009892883,r1,0.0002,0.025,0.709091,0.0868096253303745,0.089366
2034,64,0.619725,0.0586280009892883,r1,0.0004,0.025,0.6196969999999999,0.0898165884418537,-2.8000000000028e-05
2035,64,0.619725,0.0586280009892883,r1,0.0006,0.025,0.734091,0.0971073858330731,0.114366
2036,64,0.619725,0.0586280009892883,r1fc1fc2,0.0001,0.025,0.684091,0.1031599617907386,0.064366
2037,64,0.619725,0.0586280009892883,r1fc1fc2,0.0002,0.025,0.69242425,0.0998852031630144,0.0726992499999999
2038,64,0.619725,0.0586280009892883,r1fc1fc2,0.0004,0.025,0.732197,0.1291191422395094,0.112472
2039,64,0.619725,0.0586280009892883,r1fc1fc2,0.0006,0.025,0.7049245,0.1437685819560959,0.0851994999999999
2052,65,0.8201,0.0773533451118954,fc1,0.0001,0.025,0.910985,0.0743234807984663,0.0908849999999998
2053,65,0.8201,0.0773533451118954,fc1,0.0002,0.025,0.910985,0.0743234807984663,0.0908849999999998
2054,65,0.8201,0.0773533451118954,fc1,0.0004,0.025,0.910985,0.0743234807984663,0.0908849999999998
2055,65,0.8201,0.0773533451118954,fc1,0.0006,0.025,0.910985,0.0743234807984663,0.0908849999999998
2056,65,0.8201,0.0773533451118954,fc1fc2,0.0001,0.025,0.910985,0.0743234807984663,0.0908849999999998
2057,65,0.8201,0.0773533451118954,fc1fc2,0.0002,0.025,0.910985,0.0743234807984663,0.0908849999999998
2058,65,0.8201,0.0773533451118954,fc1fc2,0.0004,0.025,0.910985,0.0743234807984663,0.0908849999999998
2059,65,0.8201,0.0773533451118954,fc1fc2,0.0006,0.025,0.910985,0.0743234807984663,0.0908849999999998
2060,65,0.8201,0.0773533451118954,fc2,0.0001,0.025,0.93371225,0.0443359081360695,0.1136122499999999
2061,65,0.8201,0.0773533451118954,fc2,0.0002,0.025,0.910985,0.0743234807984663,0.0908849999999998
2062,65,0.8201,0.0773533451118954,fc2,0.0004,0.025,0.910985,0.0743234807984663,0.0908849999999998
2063,65,0.8201,0.0773533451118954,fc2,0.0006,0.025,0.910985,0.0743234807984663,0.0908849999999998
2064,65,0.8201,0.0773533451118954,r1,0.0001,0.025,0.910985,0.0743234807984663,0.0908849999999998
2065,65,0.8201,0.0773533451118954,r1,0.0002,0.025,0.93371225,0.0443359081360695,0.1136122499999999
2066,65,0.8201,0.0773533451118954,r1,0.0004,0.025,0.910985,0.0743234807984663,0.0908849999999998
2067,65,0.8201,0.0773533451118954,r1,0.0006,0.025,0.93371225,0.0443359081360695,0.1136122499999999
2068,65,0.8201,0.0773533451118954,r1fc1fc2,0.0001,0.025,0.910985,0.0743234807984663,0.0908849999999998
2069,65,0.8201,0.0773533451118954,r1fc1fc2,0.0002,0.025,0.93181825,0.0870387409390209,0.1117182499999999
2070,65,0.8201,0.0773533451118954,r1fc1fc2,0.0004,0.025,0.910985,0.0743234807984663,0.0908849999999998
2071,65,0.8201,0.0773533451118954,r1fc1fc2,0.0006,0.025,0.910985,0.0743234807984663,0.0908849999999998
2084,66,0.8003750000000001,0.0362379520208671,fc1,0.0001,0.025,0.8420455,0.0515802501641859,0.0416704999999999
2085,66,0.8003750000000001,0.0362379520208671,fc1,0.0002,0.025,0.8670455,0.0485539789684292,0.0666704999999999
2086,66,0.8003750000000001,0.0362379520208671,fc1,0.0004,0.025,0.82121225,0.069861615146779,0.0208372499999999
2087,66,0.8003750000000001,0.0362379520208671,fc1,0.0006,0.025,0.84621225,0.0772430920595276,0.0458372499999999
2088,66,0.8003750000000001,0.0362379520208671,fc1fc2,0.0001,0.025,0.8420455,0.0515802501641859,0.0416704999999999
2089,66,0.8003750000000001,0.0362379520208671,fc1fc2,0.0002,0.025,0.8670455,0.0485539789684292,0.0666704999999999
2090,66,0.8003750000000001,0.0362379520208671,fc1fc2,0.0004,0.025,0.8670455,0.0485539789684292,0.0666704999999999
2091,66,0.8003750000000001,0.0362379520208671,fc1fc2,0.0006,0.025,0.84621225,0.0772430920595276,0.0458372499999999
2092,66,0.8003750000000001,0.0362379520208671,fc2,0.0001,0.025,0.8420455,0.0515802501641859,0.0416704999999999
2093,66,0.8003750000000001,0.0362379520208671,fc2,0.0002,0.025,0.82121225,0.069861615146779,0.0208372499999999
2094,66,0.8003750000000001,0.0362379520208671,fc2,0.0004,0.025,0.84621225,0.0772430920595276,0.0458372499999999
2095,66,0.8003750000000001,0.0362379520208671,fc2,0.0006,0.025,0.8670455,0.0485539789684292,0.0666704999999999
2096,66,0.8003750000000001,0.0362379520208671,r1,0.0001,0.025,0.82121225,0.069861615146779,0.0208372499999999
2097,66,0.8003750000000001,0.0362379520208671,r1,0.0002,0.025,0.88787875,0.0827666905760806,0.0875037499999999
2098,66,0.8003750000000001,0.0362379520208671,r1,0.0004,0.025,0.8420455,0.1091776668905626,0.0416704999999999
2099,66,0.8003750000000001,0.0362379520208671,r1,0.0006,0.025,0.8670455,0.0485539789684292,0.0666704999999999
2100,66,0.8003750000000001,0.0362379520208671,r1fc1fc2,0.0001,0.025,0.82121225,0.069861615146779,0.0208372499999999
2101,66,0.8003750000000001,0.0362379520208671,r1fc1fc2,0.0002,0.025,0.88787875,0.0827666905760806,0.0875037499999999
2102,66,0.8003750000000001,0.0362379520208671,r1fc1fc2,0.0004,0.025,0.887879,0.0471242624628404,0.0875039999999999
2103,66,0.8003750000000001,0.0362379520208671,r1fc1fc2,0.0006,0.025,0.8670455,0.1077809334452682,0.0666704999999999
2116,67,0.59015,0.2439918646184745,fc1,0.0001,0.025,0.58825775,0.2364425988443072,-0.0018922499999999
2117,67,0.59015,0.2439918646184745,fc1,0.0002,0.025,0.62992425,0.2092460962859681,0.03977425
2118,67,0.59015,0.2439918646184745,fc1,0.0004,0.025,0.646591,0.1082273153629279,0.056441
2119,67,0.59015,0.2439918646184745,fc1,0.0006,0.025,0.71325775,0.0751832375926753,0.12310775
2120,67,0.59015,0.2439918646184745,fc1fc2,0.0001,0.025,0.58825775,0.2364425988443072,-0.0018922499999999
2121,67,0.59015,0.2439918646184745,fc1fc2,0.0002,0.025,0.609091,0.1971019475212426,0.018941
2122,67,0.59015,0.2439918646184745,fc1fc2,0.0004,0.025,0.671591,0.1333182350268209,0.0814410000000001
2123,67,0.59015,0.2439918646184745,fc1fc2,0.0006,0.025,0.75681825,0.0746532878819368,0.16666825
2124,67,0.59015,0.2439918646184745,fc2,0.0001,0.025,0.56742425,0.2308357362806938,-0.0227257499999999
2125,67,0.59015,0.2439918646184745,fc2,0.0002,0.025,0.65492425,0.2400464791332087,0.06477425
2126,67,0.59015,0.2439918646184745,fc2,0.0004,0.025,0.6526514999999999,0.2150356432540118,0.0625014999999999
2127,67,0.59015,0.2439918646184745,fc2,0.0006,0.025,0.6526514999999999,0.2150356432540118,0.0625014999999999
2128,67,0.59015,0.2439918646184745,r1,0.0001,0.025,0.56742425,0.2308357362806938,-0.0227257499999999
2129,67,0.59015,0.2439918646184745,r1,0.0002,0.025,0.65492425,0.2400464791332087,0.06477425
2130,67,0.59015,0.2439918646184745,r1,0.0004,0.025,0.69431825,0.133059745223402,0.10416825
2131,67,0.59015,0.2439918646184745,r1,0.0006,0.025,0.69242425,0.0998852031630144,0.10227425
2132,67,0.59015,0.2439918646184745,r1fc1fc2,0.0001,0.025,0.58825775,0.2364425988443072,-0.0018922499999999
2133,67,0.59015,0.2439918646184745,r1fc1fc2,0.0002,0.025,0.671591,0.1333182350268209,0.0814410000000001
2134,67,0.59015,0.2439918646184745,r1fc1fc2,0.0004,0.025,0.66553025,0.1297695138090992,0.07538025
2135,67,0.59015,0.2439918646184745,r1fc1fc2,0.0006,0.025,0.69242425,0.0998852031630144,0.10227425
2148,68,0.866675,0.1130437489057518,fc1,0.0001,0.025,0.86666675,0.1130388821995187,-8.249999999931923e-06
2149,68,0.866675,0.1130437489057518,fc1,0.0002,0.025,0.8875,0.1314977819838291,0.0208249999999999
2150,68,0.866675,0.1130437489057518,fc1,0.0004,0.025,0.86666675,0.1130388821995187,-8.249999999931923e-06
2151,68,0.866675,0.1130437489057518,fc1,0.0006,0.025,0.86666675,0.1130388821995187,-8.249999999931923e-06
2152,68,0.866675,0.1130437489057518,fc1fc2,0.0001,0.025,0.86666675,0.1130388821995187,-8.249999999931923e-06
2153,68,0.866675,0.1130437489057518,fc1fc2,0.0002,0.025,0.86666675,0.1130388821995187,-8.249999999931923e-06
2154,68,0.866675,0.1130437489057518,fc1fc2,0.0004,0.025,0.86666675,0.1130388821995187,-8.249999999931923e-06
2155,68,0.866675,0.1130437489057518,fc1fc2,0.0006,0.025,0.86666675,0.1130388821995187,-8.249999999931923e-06
2156,68,0.866675,0.1130437489057518,fc2,0.0001,0.025,0.86666675,0.1130388821995187,-8.249999999931923e-06
2157,68,0.866675,0.1130437489057518,fc2,0.0002,0.025,0.86666675,0.1130388821995187,-8.249999999931923e-06
2158,68,0.866675,0.1130437489057518,fc2,0.0004,0.025,0.86666675,0.1130388821995187,-8.249999999931923e-06
2159,68,0.866675,0.1130437489057518,fc2,0.0006,0.025,0.86666675,0.1130388821995187,-8.249999999931923e-06
2160,68,0.866675,0.1130437489057518,r1,0.0001,0.025,0.86666675,0.1130388821995187,-8.249999999931923e-06
2161,68,0.866675,0.1130437489057518,r1,0.0002,0.025,0.8875,0.1314977819838291,0.0208249999999999
2162,68,0.866675,0.1130437489057518,r1,0.0004,0.025,0.86666675,0.1130388821995187,-8.249999999931923e-06
2163,68,0.866675,0.1130437489057518,r1,0.0006,0.025,0.86666675,0.1130388821995187,-8.249999999931923e-06
2164,68,0.866675,0.1130437489057518,r1fc1fc2,0.0001,0.025,0.86666675,0.1130388821995187,-8.249999999931923e-06
2165,68,0.866675,0.1130437489057518,r1fc1fc2,0.0002,0.025,0.86666675,0.1130388821995187,-8.249999999931923e-06
2166,68,0.866675,0.1130437489057518,r1fc1fc2,0.0004,0.025,0.8189394999999999,0.1104192261776302,-0.0477355
2167,68,0.866675,0.1130437489057518,r1fc1fc2,0.0006,0.025,0.86477275,0.1119803698731017,-0.0019022499999999
2180,69,0.7575999999999999,0.1049622789386739,fc1,0.0001,0.025,0.7784092499999999,0.087777440907388,0.02080925
2181,69,0.7575999999999999,0.1049622789386739,fc1,0.0002,0.025,0.77651525,0.1195432394083831,0.01891525
2182,69,0.7575999999999999,0.1049622789386739,fc1,0.0004,0.025,0.7992425,0.0485083513119132,0.0416425
2183,69,0.7575999999999999,0.1049622789386739,fc1,0.0006,0.025,0.7992425,0.0485083513119132,0.0416425
2184,69,0.7575999999999999,0.1049622789386739,fc1fc2,0.0001,0.025,0.7784092499999999,0.087777440907388,0.02080925
2185,69,0.7575999999999999,0.1049622789386739,fc1fc2,0.0002,0.025,0.77651525,0.1195432394083831,0.01891525
2186,69,0.7575999999999999,0.1049622789386739,fc1fc2,0.0004,0.025,0.77651525,0.0937067512735874,0.01891525
2187,69,0.7575999999999999,0.1049622789386739,fc1fc2,0.0006,0.025,0.77651525,0.0571954926567644,0.01891525
2188,69,0.7575999999999999,0.1049622789386739,fc2,0.0001,0.025,0.7784092499999999,0.087777440907388,0.02080925
2189,69,0.7575999999999999,0.1049622789386739,fc2,0.0002,0.025,0.755682,0.0430220009065129,-0.0019179999999999
2190,69,0.7575999999999999,0.1049622789386739,fc2,0.0004,0.025,0.73295475,0.0113634999999999,-0.0246452499999999
2191,69,0.7575999999999999,0.1049622789386739,fc2,0.0006,0.025,0.73295475,0.0750916772102607,-0.0246452499999999
2192,69,0.7575999999999999,0.1049622789386739,r1,0.0001,0.025,0.7784092499999999,0.087777440907388,0.02080925
2193,69,0.7575999999999999,0.1049622789386739,r1,0.0002,0.025,0.753788,0.1576410616432152,-0.0038119999999999
2194,69,0.7575999999999999,0.1049622789386739,r1,0.0004,0.025,0.753788,0.0912239648009227,-0.0038119999999999
2195,69,0.7575999999999999,0.1049622789386739,r1,0.0006,0.025,0.7537879999999999,0.05303,-0.003812
2196,69,0.7575999999999999,0.1049622789386739,r1fc1fc2,0.0001,0.025,0.7784092499999999,0.087777440907388,0.02080925
2197,69,0.7575999999999999,0.1049622789386739,r1fc1fc2,0.0002,0.025,0.77651525,0.1590906904763757,0.01891525
2198,69,0.7575999999999999,0.1049622789386739,r1fc1fc2,0.0004,0.025,0.7784092499999999,0.0468534766933042,0.02080925
2199,69,0.7575999999999999,0.1049622789386739,r1fc1fc2,0.0006,0.025,0.8011364999999999,0.0340909999999999,0.0435364999999999
2212,70,0.954175,0.0533515619890052,fc1,0.0001,0.025,0.97916675,0.0416664999999999,0.0249917499999999
2213,70,0.954175,0.0533515619890052,fc1,0.0002,0.025,0.97916675,0.0416664999999999,0.0249917499999999
2214,70,0.954175,0.0533515619890052,fc1,0.0004,0.025,0.97916675,0.0416664999999999,0.0249917499999999
2215,70,0.954175,0.0533515619890052,fc1,0.0006,0.025,0.97916675,0.0416664999999999,0.0249917499999999
2216,70,0.954175,0.0533515619890052,fc1fc2,0.0001,0.025,0.97916675,0.0416664999999999,0.0249917499999999
2217,70,0.954175,0.0533515619890052,fc1fc2,0.0002,0.025,0.97916675,0.0416664999999999,0.0249917499999999
2218,70,0.954175,0.0533515619890052,fc1fc2,0.0004,0.025,0.97916675,0.0416664999999999,0.0249917499999999
2219,70,0.954175,0.0533515619890052,fc1fc2,0.0006,0.025,0.97916675,0.0416664999999999,0.0249917499999999
2220,70,0.954175,0.0533515619890052,fc2,0.0001,0.025,0.97916675,0.0416664999999999,0.0249917499999999
2221,70,0.954175,0.0533515619890052,fc2,0.0002,0.025,0.97916675,0.0416664999999999,0.0249917499999999
2222,70,0.954175,0.0533515619890052,fc2,0.0004,0.025,0.97916675,0.0416664999999999,0.0249917499999999
2223,70,0.954175,0.0533515619890052,fc2,0.0006,0.025,0.97916675,0.0416664999999999,0.0249917499999999
2224,70,0.954175,0.0533515619890052,r1,0.0001,0.025,0.97916675,0.0416664999999999,0.0249917499999999
2225,70,0.954175,0.0533515619890052,r1,0.0002,0.025,0.97916675,0.0416664999999999,0.0249917499999999
2226,70,0.954175,0.0533515619890052,r1,0.0004,0.025,0.97916675,0.0416664999999999,0.0249917499999999
2227,70,0.954175,0.0533515619890052,r1,0.0006,0.025,0.95416675,0.0533592905585959,-8.250000000042945e-06
2228,70,0.954175,0.0533515619890052,r1fc1fc2,0.0001,0.025,0.97916675,0.0416664999999999,0.0249917499999999
2229,70,0.954175,0.0533515619890052,r1fc1fc2,0.0002,0.025,0.95416675,0.0533592905585959,-8.250000000042945e-06
2230,70,0.954175,0.0533515619890052,r1fc1fc2,0.0004,0.025,0.95416675,0.0533592905585959,-8.250000000042945e-06
2231,70,0.954175,0.0533515619890052,r1fc1fc2,0.0006,0.025,0.97916675,0.0416664999999999,0.0249917499999999
2244,71,0.954175,0.0533515619890052,fc1,0.0001,0.025,0.97916675,0.0416665,0.0249917499999999
2245,71,0.954175,0.0533515619890052,fc1,0.0002,0.025,0.97916675,0.0416665,0.0249917499999999
2246,71,0.954175,0.0533515619890052,fc1,0.0004,0.025,0.97916675,0.0416665,0.0249917499999999
2247,71,0.954175,0.0533515619890052,fc1,0.0006,0.025,0.97916675,0.0416665,0.0249917499999999
2248,71,0.954175,0.0533515619890052,fc1fc2,0.0001,0.025,0.97916675,0.0416665,0.0249917499999999
2249,71,0.954175,0.0533515619890052,fc1fc2,0.0002,0.025,0.97916675,0.0416665,0.0249917499999999
2250,71,0.954175,0.0533515619890052,fc1fc2,0.0004,0.025,0.97916675,0.0416665,0.0249917499999999
2251,71,0.954175,0.0533515619890052,fc1fc2,0.0006,0.025,0.97916675,0.0416665,0.0249917499999999
2252,71,0.954175,0.0533515619890052,fc2,0.0001,0.025,0.97916675,0.0416665,0.0249917499999999
2253,71,0.954175,0.0533515619890052,fc2,0.0002,0.025,0.97916675,0.0416665,0.0249917499999999
2254,71,0.954175,0.0533515619890052,fc2,0.0004,0.025,0.97916675,0.0416665,0.0249917499999999
2255,71,0.954175,0.0533515619890052,fc2,0.0006,0.025,0.97916675,0.0416665,0.0249917499999999
2256,71,0.954175,0.0533515619890052,r1,0.0001,0.025,0.97916675,0.0416665,0.0249917499999999
2257,71,0.954175,0.0533515619890052,r1,0.0002,0.025,0.97916675,0.0416665,0.0249917499999999
2258,71,0.954175,0.0533515619890052,r1,0.0004,0.025,0.95833325,0.0833334999999999,0.00415825
2259,71,0.954175,0.0533515619890052,r1,0.0006,0.025,0.97916675,0.0416665,0.0249917499999999
2260,71,0.954175,0.0533515619890052,r1fc1fc2,0.0001,0.025,0.97916675,0.0416665,0.0249917499999999
2261,71,0.954175,0.0533515619890052,r1fc1fc2,0.0002,0.025,0.97916675,0.0416665,0.0249917499999999
2262,71,0.954175,0.0533515619890052,r1fc1fc2,0.0004,0.025,0.97916675,0.0416665,0.0249917499999999
2263,71,0.954175,0.0533515619890052,r1fc1fc2,0.0006,0.025,0.97916675,0.0416665,0.0249917499999999
2276,72,0.756825,0.0307081286741258,fc1,0.0001,0.025,0.80037875,0.0362450006058306,0.04355375
2277,72,0.756825,0.0307081286741258,fc1,0.0002,0.025,0.8420455,0.0515802501641859,0.0852205
2278,72,0.756825,0.0307081286741258,fc1,0.0004,0.025,0.800379,0.102824913223077,0.0435539999999999
2279,72,0.756825,0.0307081286741258,fc1,0.0006,0.025,0.800379,0.102824913223077,0.0435539999999999
2280,72,0.756825,0.0307081286741258,fc1fc2,0.0001,0.025,0.80037875,0.0362450006058306,0.04355375
2281,72,0.756825,0.0307081286741258,fc1fc2,0.0002,0.025,0.82121225,0.069861615146779,0.06438725
2282,72,0.756825,0.0307081286741258,fc1fc2,0.0004,0.025,0.800379,0.102824913223077,0.0435539999999999
2283,72,0.756825,0.0307081286741258,fc1fc2,0.0006,0.025,0.82310625,0.1171240494842256,0.06628125
2284,72,0.756825,0.0307081286741258,fc2,0.0001,0.025,0.7795455,0.0349143659210169,0.0227205
2285,72,0.756825,0.0307081286741258,fc2,0.0002,0.025,0.8420455,0.0515802501641859,0.0852205
2286,72,0.756825,0.0307081286741258,fc2,0.0004,0.025,0.8420455,0.0515802501641859,0.0852205
2287,72,0.756825,0.0307081286741258,fc2,0.0006,0.025,0.8420455,0.0515802501641859,0.0852205
2288,72,0.756825,0.0307081286741258,r1,0.0001,0.025,0.75681825,0.030716783668162,-6.7499999999443006e-06
2289,72,0.756825,0.0307081286741258,r1,0.0002,0.025,0.8170455,0.0892387558201779,0.0602205
2290,72,0.756825,0.0307081286741258,r1,0.0004,0.025,0.800379,0.102824913223077,0.0435539999999999
2291,72,0.756825,0.0307081286741258,r1,0.0006,0.025,0.8481062500000001,0.1211512538148766,0.09128125
2292,72,0.756825,0.0307081286741258,r1fc1fc2,0.0001,0.025,0.821212,0.0158426336825667,0.064387
2293,72,0.756825,0.0307081286741258,r1fc1fc2,0.0002,0.025,0.82121225,0.069861615146779,0.06438725
2294,72,0.756825,0.0307081286741258,r1fc1fc2,0.0004,0.025,0.800379,0.102824913223077,0.0435539999999999
2295,72,0.756825,0.0307081286741258,r1fc1fc2,0.0006,0.025,0.8481062500000001,0.1211512538148766,0.09128125
2308,73,0.84585,0.1448894866211256,fc1,0.0001,0.025,0.84393925,0.0461894407007705,-0.0019107499999999
2309,73,0.84585,0.1448894866211256,fc1,0.0002,0.025,0.84393925,0.0461894407007705,-0.0019107499999999
2310,73,0.84585,0.1448894866211256,fc1,0.0004,0.025,0.848106,0.0736097507716652,0.002256
2311,73,0.84585,0.1448894866211256,fc1,0.0006,0.025,0.8689392499999999,0.0412817283906169,0.0230892499999999
2312,73,0.84585,0.1448894866211256,fc1fc2,0.0001,0.025,0.84393925,0.0461894407007705,-0.0019107499999999
2313,73,0.84585,0.1448894866211256,fc1fc2,0.0002,0.025,0.823106,0.0667742121530959,-0.0227439999999999
2314,73,0.84585,0.1448894866211256,fc1fc2,0.0004,0.025,0.9125,0.0685499277364073,0.0666499999999999
2315,73,0.84585,0.1448894866211256,fc1fc2,0.0006,0.025,0.8916665,0.0787637583515836,0.0458165
2316,73,0.84585,0.1448894866211256,fc2,0.0001,0.025,0.86666675,0.1130388821995187,0.02081675
2317,73,0.84585,0.1448894866211256,fc2,0.0002,0.025,0.8439395000000001,0.0822381025417456,-0.0019104999999999
2318,73,0.84585,0.1448894866211256,fc2,0.0004,0.025,0.8689395,0.0795852091136705,0.0230894999999999
2319,73,0.84585,0.1448894866211256,fc2,0.0006,0.025,0.89166675,0.1040833266614623,0.0458167499999999
2320,73,0.84585,0.1448894866211256,r1,0.0001,0.025,0.84393925,0.0461894407007705,-0.0019107499999999
2321,73,0.84585,0.1448894866211256,r1,0.0002,0.025,0.81893925,0.0869640601949066,-0.0269107499999999
2322,73,0.84585,0.1448894866211256,r1,0.0004,0.025,0.8375,0.1723342467203389,-0.0083499999999999
2323,73,0.84585,0.1448894866211256,r1,0.0006,0.025,0.8147727499999999,0.1480429976828241,-0.03107725
2324,73,0.84585,0.1448894866211256,r1fc1fc2,0.0001,0.025,0.8689392499999999,0.0412817283906169,0.0230892499999999
2325,73,0.84585,0.1448894866211256,r1fc1fc2,0.0002,0.025,0.83977275,0.1004915211825521,-0.00607725
2326,73,0.84585,0.1448894866211256,r1fc1fc2,0.0004,0.025,0.7939395,0.1504051379098023,-0.0519104999999999
2327,73,0.84585,0.1448894866211256,r1fc1fc2,0.0006,0.025,0.860606,0.1269114996444373,0.0147559999999999
2340,74,0.86555,0.1582186777848936,fc1,0.0001,0.025,0.84280325,0.137672496774955,-0.02274675
2341,74,0.86555,0.1582186777848936,fc1,0.0002,0.025,0.79734875,0.1385037613072295,-0.0682012499999999
2342,74,0.86555,0.1582186777848936,fc1,0.0004,0.025,0.79734875,0.1169344305251879,-0.0682012499999999
2343,74,0.86555,0.1582186777848936,fc1,0.0006,0.025,0.79734875,0.1169344305251879,-0.0682012499999999
2344,74,0.86555,0.1582186777848936,fc1fc2,0.0001,0.025,0.84280325,0.137672496774955,-0.02274675
2345,74,0.86555,0.1582186777848936,fc1fc2,0.0002,0.025,0.79734875,0.1385037613072295,-0.0682012499999999
2346,74,0.86555,0.1582186777848936,fc1fc2,0.0004,0.025,0.820076,0.1303932228376919,-0.045474
2347,74,0.86555,0.1582186777848936,fc1fc2,0.0006,0.025,0.79734875,0.1169344305251879,-0.0682012499999999
2348,74,0.86555,0.1582186777848936,fc2,0.0001,0.025,0.84280325,0.137672496774955,-0.02274675
2349,74,0.86555,0.1582186777848936,fc2,0.0002,0.025,0.820076,0.1303932228376919,-0.045474
2350,74,0.86555,0.1582186777848936,fc2,0.0004,0.025,0.79734875,0.1385037613072295,-0.0682012499999999
2351,74,0.86555,0.1582186777848936,fc2,0.0006,0.025,0.820076,0.1303932228376919,-0.045474
2352,74,0.86555,0.1582186777848936,r1,0.0001,0.025,0.84280325,0.137672496774955,-0.02274675
2353,74,0.86555,0.1582186777848936,r1,0.0002,0.025,0.820076,0.1303932228376919,-0.045474
2354,74,0.86555,0.1582186777848936,r1,0.0004,0.025,0.84280325,0.137672496774955,-0.02274675
2355,74,0.86555,0.1582186777848936,r1,0.0006,0.025,0.84280325,0.1564076315984932,-0.02274675
2356,74,0.86555,0.1582186777848936,r1fc1fc2,0.0001,0.025,0.820076,0.1303932228376919,-0.045474
2357,74,0.86555,0.1582186777848936,r1fc1fc2,0.0002,0.025,0.820076,0.1303932228376919,-0.045474
2358,74,0.86555,0.1582186777848936,r1fc1fc2,0.0004,0.025,0.820076,0.1303932228376919,-0.045474
2359,74,0.86555,0.1582186777848936,r1fc1fc2,0.0006,0.025,0.84280325,0.137672496774955,-0.02274675
2372,75,0.69205,0.136892208202902,fc1,0.0001,0.025,0.75871225,0.0677976420749031,0.0666622499999999
2373,75,0.69205,0.136892208202902,fc1,0.0002,0.025,0.848106,0.0736097507716651,0.1560559999999999
2374,75,0.69205,0.136892208202902,fc1,0.0004,0.025,0.85037875,0.1061282246573298,0.1583287499999999
2375,75,0.69205,0.136892208202902,fc1,0.0006,0.025,0.87121225,0.1097831738970807,0.1791622499999999
2376,75,0.69205,0.136892208202902,fc1fc2,0.0001,0.025,0.75871225,0.0677976420749031,0.0666622499999999
2377,75,0.69205,0.136892208202902,fc1fc2,0.0002,0.025,0.848106,0.0736097507716651,0.1560559999999999
2378,75,0.69205,0.136892208202902,fc1fc2,0.0004,0.025,0.85037875,0.1061282246573298,0.1583287499999999
2379,75,0.69205,0.136892208202902,fc1fc2,0.0006,0.025,0.84621225,0.0772430920595277,0.1541622499999999
2380,75,0.69205,0.136892208202902,fc2,0.0001,0.025,0.78371225,0.0992423142494336,0.0916622499999999
2381,75,0.69205,0.136892208202902,fc2,0.0002,0.025,0.85037875,0.1061282246573298,0.1583287499999999
2382,75,0.69205,0.136892208202902,fc2,0.0004,0.025,0.85037875,0.1061282246573298,0.1583287499999999
2383,75,0.69205,0.136892208202902,fc2,0.0006,0.025,0.85037875,0.1061282246573298,0.1583287499999999
2384,75,0.69205,0.136892208202902,r1,0.0001,0.025,0.73787875,0.1069874995918526,0.0458287499999999
2385,75,0.69205,0.136892208202902,r1,0.0002,0.025,0.85227275,0.1237889126843892,0.1602227499999999
2386,75,0.69205,0.136892208202902,r1,0.0004,0.025,0.82537875,0.0615503864237801,0.13332875
2387,75,0.69205,0.136892208202902,r1,0.0006,0.025,0.8276515,0.1236148367699713,0.1356014999999999
2388,75,0.69205,0.136892208202902,r1fc1fc2,0.0001,0.025,0.75871225,0.0677976420749031,0.0666622499999999
2389,75,0.69205,0.136892208202902,r1fc1fc2,0.0002,0.025,0.8481062500000001,0.1211512538148766,0.15605625
2390,75,0.69205,0.136892208202902,r1fc1fc2,0.0004,0.025,0.710985,0.0359268911262859,0.0189349999999999
2391,75,0.69205,0.136892208202902,r1fc1fc2,0.0006,0.025,0.69015175,0.0293146277180863,-0.0018982500000001
2404,76,0.599225,0.1719122329368487,fc1,0.0001,0.025,0.6034090000000001,0.1830698711330367,0.004184
2405,76,0.599225,0.1719122329368487,fc1,0.0002,0.025,0.6242425,0.1847576097205922,0.0250175
2406,76,0.599225,0.1719122329368487,fc1,0.0004,0.025,0.694697,0.1631797155265731,0.095472
2407,76,0.599225,0.1719122329368487,fc1,0.0006,0.025,0.7155305000000001,0.148918837170901,0.1163055
2408,76,0.599225,0.1719122329368487,fc1fc2,0.0001,0.025,0.6034090000000001,0.1830698711330367,0.004184
2409,76,0.599225,0.1719122329368487,fc1fc2,0.0002,0.025,0.6242425,0.1847576097205922,0.0250175
2410,76,0.599225,0.1719122329368487,fc1fc2,0.0004,0.025,0.69469725,0.1483170682162036,0.09547225
2411,76,0.599225,0.1719122329368487,fc1fc2,0.0006,0.025,0.759091,0.1081396556495349,0.1598659999999999
2412,76,0.599225,0.1719122329368487,fc2,0.0001,0.025,0.6034090000000001,0.1830698711330367,0.004184
2413,76,0.599225,0.1719122329368487,fc2,0.0002,0.025,0.6034090000000001,0.1830698711330367,0.004184
2414,76,0.599225,0.1719122329368487,fc2,0.0004,0.025,0.58674225,0.2276273692131872,-0.0124827499999999
2415,76,0.599225,0.1719122329368487,fc2,0.0006,0.025,0.6303030000000001,0.2016007264189955,0.031078
2416,76,0.599225,0.1719122329368487,r1,0.0001,0.025,0.6034090000000001,0.1830698711330367,0.004184
2417,76,0.599225,0.1719122329368487,r1,0.0002,0.025,0.64696975,0.1428536607193413,0.04774475
2418,76,0.599225,0.1719122329368487,r1,0.0004,0.025,0.690909,0.2392341483080262,0.0916839999999999
2419,76,0.599225,0.1719122329368487,r1,0.0006,0.025,0.77803025,0.1582030921977085,0.17880525
2420,76,0.599225,0.1719122329368487,r1fc1fc2,0.0001,0.025,0.6034090000000001,0.1830698711330367,0.004184
2421,76,0.599225,0.1719122329368487,r1fc1fc2,0.0002,0.025,0.67386375,0.1858778656078142,0.0746387499999999
2422,76,0.599225,0.1719122329368487,r1fc1fc2,0.0004,0.025,0.7382575,0.1522978146582106,0.1390325
2423,76,0.599225,0.1719122329368487,r1fc1fc2,0.0006,0.025,0.8026515,0.0793141088941095,0.2034264999999999
2436,77,0.73675,0.1527041256810044,fc1,0.0001,0.025,0.7594697499999999,0.1389177600389885,0.0227197499999999
2437,77,0.73675,0.1527041256810044,fc1,0.0002,0.025,0.782197,0.139330324746625,0.045447
2438,77,0.73675,0.1527041256810044,fc1,0.0004,0.025,0.782197,0.139330324746625,0.045447
2439,77,0.73675,0.1527041256810044,fc1,0.0006,0.025,0.80492425,0.1538179374268489,0.0681742499999999
2440,77,0.73675,0.1527041256810044,fc1fc2,0.0001,0.025,0.7367425,0.1526943740122732,-7.500000000049134e-06
2441,77,0.73675,0.1527041256810044,fc1fc2,0.0002,0.025,0.782197,0.139330324746625,0.045447
2442,77,0.73675,0.1527041256810044,fc1fc2,0.0004,0.025,0.76136375,0.1794352039713778,0.0246137499999999
2443,77,0.73675,0.1527041256810044,fc1fc2,0.0006,0.025,0.782197,0.139330324746625,0.045447
2444,77,0.73675,0.1527041256810044,fc2,0.0001,0.025,0.7594697499999999,0.1389177600389885,0.0227197499999999
2445,77,0.73675,0.1527041256810044,fc2,0.0002,0.025,0.7594697499999999,0.1389177600389885,0.0227197499999999
2446,77,0.73675,0.1527041256810044,fc2,0.0004,0.025,0.782197,0.139330324746625,0.045447
2447,77,0.73675,0.1527041256810044,fc2,0.0006,0.025,0.7594697499999999,0.1389177600389885,0.0227197499999999
2448,77,0.73675,0.1527041256810044,r1,0.0001,0.025,0.7594697499999999,0.1389177600389885,0.0227197499999999
2449,77,0.73675,0.1527041256810044,r1,0.0002,0.025,0.782197,0.139330324746625,0.045447
2450,77,0.73675,0.1527041256810044,r1,0.0004,0.025,0.782197,0.139330324746625,0.045447
2451,77,0.73675,0.1527041256810044,r1,0.0006,0.025,0.80492425,0.1538179374268489,0.0681742499999999
2452,77,0.73675,0.1527041256810044,r1fc1fc2,0.0001,0.025,0.7594697499999999,0.1389177600389885,0.0227197499999999
2453,77,0.73675,0.1527041256810044,r1fc1fc2,0.0002,0.025,0.782197,0.139330324746625,0.045447
2454,77,0.73675,0.1527041256810044,r1fc1fc2,0.0004,0.025,0.7386364999999999,0.159091,0.0018864999999999
2455,77,0.73675,0.1527041256810044,r1fc1fc2,0.0006,0.025,0.80492425,0.1538179374268489,0.0681742499999999
2468,78,0.544725,0.1728648098949002,fc1,0.0001,0.025,0.61325775,0.1500708251068474,0.06853275
2469,78,0.544725,0.1728648098949002,fc1,0.0002,0.025,0.52613625,0.1211830853801387,-0.01858875
2470,78,0.544725,0.1728648098949002,fc1,0.0004,0.025,0.54886375,0.1114118045013633,0.0041387499999999
2471,78,0.544725,0.1728648098949002,fc1,0.0006,0.025,0.55303025,0.0396068392357935,0.0083052499999999
2472,78,0.544725,0.1728648098949002,fc1fc2,0.0001,0.025,0.61325775,0.1500708251068474,0.06853275
2473,78,0.544725,0.1728648098949002,fc1fc2,0.0002,0.025,0.5469695,0.1556556136614846,0.0022444999999999
2474,78,0.544725,0.1728648098949002,fc1fc2,0.0004,0.025,0.54886375,0.1114118045013633,0.0041387499999999
2475,78,0.544725,0.1728648098949002,fc1fc2,0.0006,0.025,0.6609849999999999,0.1129398431585003,0.1162599999999999
2476,78,0.544725,0.1728648098949002,fc2,0.0001,0.025,0.5924245,0.1290759020537915,0.0476995
2477,78,0.544725,0.1728648098949002,fc2,0.0002,0.025,0.61325775,0.1500708251068474,0.06853275
2478,78,0.544725,0.1728648098949002,fc2,0.0004,0.025,0.58863625,0.1876527091630973,0.0439112499999999
2479,78,0.544725,0.1728648098949002,fc2,0.0006,0.025,0.58863625,0.1876527091630973,0.0439112499999999
2480,78,0.544725,0.1728648098949002,r1,0.0001,0.025,0.56969725,0.1267426633941783,0.02497225
2481,78,0.544725,0.1728648098949002,r1,0.0002,0.025,0.54696975,0.139996791799848,0.00224475
2482,78,0.544725,0.1728648098949002,r1,0.0004,0.025,0.5924245,0.1290759020537915,0.0476995
2483,78,0.544725,0.1728648098949002,r1,0.0006,0.025,0.56742425,0.1913595319747185,0.0226992499999999
2484,78,0.544725,0.1728648098949002,r1fc1fc2,0.0001,0.025,0.61325775,0.1500708251068474,0.06853275
2485,78,0.544725,0.1728648098949002,r1fc1fc2,0.0002,0.025,0.56780275,0.1929875498339638,0.02307775
2486,78,0.544725,0.1728648098949002,r1fc1fc2,0.0004,0.025,0.6151515,0.1613050253494912,0.0704264999999999
2487,78,0.544725,0.1728648098949002,r1fc1fc2,0.0006,0.025,0.569697,0.1438516118296907,0.0249719999999999
2500,79,0.760975,0.1381560319590377,fc1,0.0001,0.025,0.7818182499999999,0.1046513101920691,0.0208432499999999
2501,79,0.760975,0.1381560319590377,fc1,0.0002,0.025,0.7526515,0.0575406627496301,-0.0083234999999999
2502,79,0.760975,0.1381560319590377,fc1,0.0004,0.025,0.69015175,0.0293146277180863,-0.07082325
2503,79,0.760975,0.1381560319590377,fc1,0.0006,0.025,0.66931825,0.0624516217423534,-0.0916567499999999
2504,79,0.760975,0.1381560319590377,fc1fc2,0.0001,0.025,0.7818182499999999,0.1046513101920691,0.0208432499999999
2505,79,0.760975,0.1381560319590377,fc1fc2,0.0002,0.025,0.73181825,0.0720717008141892,-0.0291567499999999
2506,79,0.760975,0.1381560319590377,fc1fc2,0.0004,0.025,0.710985,0.0359268911262858,-0.0499899999999999
2507,79,0.760975,0.1381560319590377,fc1fc2,0.0006,0.025,0.64431825,0.0659905679491395,-0.1166567499999999
2508,79,0.760975,0.1381560319590377,fc2,0.0001,0.025,0.76098475,0.1381498406040219,9.750000000030568e-06
2509,79,0.760975,0.1381560319590377,fc2,0.0002,0.025,0.7109847499999999,0.1027132503246294,-0.04999025
2510,79,0.760975,0.1381560319590377,fc2,0.0004,0.025,0.73181825,0.0720717008141892,-0.0291567499999999
2511,79,0.760975,0.1381560319590377,fc2,0.0006,0.025,0.7109847499999999,0.1027132503246294,-0.04999025
2512,79,0.760975,0.1381560319590377,r1,0.0001,0.025,0.76098475,0.1381498406040219,9.750000000030568e-06
2513,79,0.760975,0.1381560319590377,r1,0.0002,0.025,0.7526515,0.0575406627496301,-0.0083234999999999
2514,79,0.760975,0.1381560319590377,r1,0.0004,0.025,0.685985,0.0672538091064984,-0.07499
2515,79,0.760975,0.1381560319590377,r1,0.0006,0.025,0.69015175,0.0293146277180863,-0.07082325
2516,79,0.760975,0.1381560319590377,r1fc1fc2,0.0001,0.025,0.75681825,0.0746532878819368,-0.0041567499999999
2517,79,0.760975,0.1381560319590377,r1fc1fc2,0.0002,0.025,0.7526515,0.0575406627496301,-0.0083234999999999
2518,79,0.760975,0.1381560319590377,r1fc1fc2,0.0004,0.025,0.73181825,0.0237642055533808,-0.0291567499999999
2519,79,0.760975,0.1381560319590377,r1fc1fc2,0.0006,0.025,0.66931825,0.0624516217423534,-0.0916567499999999
2532,80,0.606825,0.2387599683782857,fc1,0.0001,0.025,0.6545455,0.2712333182845843,0.0477205
2533,80,0.606825,0.2387599683782857,fc1,0.0002,0.025,0.6545455,0.2245427328453688,0.0477205
2534,80,0.606825,0.2387599683782857,fc1,0.0004,0.025,0.69621225,0.1885799439784535,0.08938725
2535,80,0.606825,0.2387599683782857,fc1,0.0006,0.025,0.7170455,0.2007154425390998,0.1102205
2536,80,0.606825,0.2387599683782857,fc1fc2,0.0001,0.025,0.6545455,0.2712333182845843,0.0477205
2537,80,0.606825,0.2387599683782857,fc1fc2,0.0002,0.025,0.6545455,0.2245427328453688,0.0477205
2538,80,0.606825,0.2387599683782857,fc1fc2,0.0004,0.025,0.69621225,0.1885799439784535,0.08938725
2539,80,0.606825,0.2387599683782857,fc1fc2,0.0006,0.025,0.6920455,0.1930191412105718,0.0852205
2540,80,0.606825,0.2387599683782857,fc2,0.0001,0.025,0.6545455,0.2712333182845843,0.0477205
2541,80,0.606825,0.2387599683782857,fc2,0.0002,0.025,0.6545455,0.2245427328453688,0.0477205
2542,80,0.606825,0.2387599683782857,fc2,0.0004,0.025,0.69621225,0.1885799439784535,0.08938725
2543,80,0.606825,0.2387599683782857,fc2,0.0006,0.025,0.7170455,0.2007154425390998,0.1102205
2544,80,0.606825,0.2387599683782857,r1,0.0001,0.025,0.67537875,0.2298454917306768,0.06855375
2545,80,0.606825,0.2387599683782857,r1,0.0002,0.025,0.6545455,0.2245427328453688,0.0477205
2546,80,0.606825,0.2387599683782857,r1,0.0004,0.025,0.69621225,0.1885799439784535,0.08938725
2547,80,0.606825,0.2387599683782857,r1,0.0006,0.025,0.66931825,0.177982784911678,0.06249325
2548,80,0.606825,0.2387599683782857,r1fc1fc2,0.0001,0.025,0.6545455,0.2245427328453688,0.0477205
2549,80,0.606825,0.2387599683782857,r1fc1fc2,0.0002,0.025,0.675379,0.185230386580244,0.068554
2550,80,0.606825,0.2387599683782857,r1fc1fc2,0.0004,0.025,0.65265175,0.1664983155017391,0.04582675
2551,80,0.606825,0.2387599683782857,r1fc1fc2,0.0006,0.025,0.69015175,0.2062183650039847,0.08332675
2564,81,0.752275,0.1856249691357999,fc1,0.0001,0.025,0.79810625,0.1332608706044276,0.0458312499999999
2565,81,0.752275,0.1856249691357999,fc1,0.0002,0.025,0.82310625,0.1171240494842256,0.07083125
2566,81,0.752275,0.1856249691357999,fc1,0.0004,0.025,0.8458335,0.1448977097691103,0.0935584999999999
2567,81,0.752275,0.1856249691357999,fc1,0.0006,0.025,0.86666675,0.1130388821995186,0.11439175
2568,81,0.752275,0.1856249691357999,fc1fc2,0.0001,0.025,0.79810625,0.1332608706044276,0.0458312499999999
2569,81,0.752275,0.1856249691357999,fc1fc2,0.0002,0.025,0.82310625,0.1171240494842256,0.07083125
2570,81,0.752275,0.1856249691357999,fc1fc2,0.0004,0.025,0.86666675,0.1130388821995186,0.11439175
2571,81,0.752275,0.1856249691357999,fc1fc2,0.0006,0.025,0.8875,0.1314977819838291,0.1352249999999999
2572,81,0.752275,0.1856249691357999,fc2,0.0001,0.025,0.77727275,0.1636973961193335,0.0249977499999999
2573,81,0.752275,0.1856249691357999,fc2,0.0002,0.025,0.79810625,0.1332608706044276,0.0458312499999999
2574,81,0.752275,0.1856249691357999,fc2,0.0004,0.025,0.82310625,0.1171240494842256,0.07083125
2575,81,0.752275,0.1856249691357999,fc2,0.0006,0.025,0.8458335,0.1448977097691103,0.0935584999999999
2576,81,0.752275,0.1856249691357999,r1,0.0001,0.025,0.82310625,0.1171240494842256,0.07083125
2577,81,0.752275,0.1856249691357999,r1,0.0002,0.025,0.800379,0.102824913223077,0.0481039999999999
2578,81,0.752275,0.1856249691357999,r1,0.0004,0.025,0.86666675,0.1130388821995186,0.11439175
2579,81,0.752275,0.1856249691357999,r1,0.0006,0.025,0.86666675,0.1130388821995186,0.11439175
2580,81,0.752275,0.1856249691357999,r1fc1fc2,0.0001,0.025,0.82310625,0.1171240494842256,0.07083125
2581,81,0.752275,0.1856249691357999,r1fc1fc2,0.0002,0.025,0.82310625,0.1171240494842256,0.07083125
2582,81,0.752275,0.1856249691357999,r1fc1fc2,0.0004,0.025,0.89166675,0.1040833266614623,0.1393917499999999
2583,81,0.752275,0.1856249691357999,r1fc1fc2,0.0006,0.025,0.8708335,0.1429677573079562,0.1185585
2596,82,0.7841,0.2052084306260344,fc1,0.0001,0.025,0.76325775,0.2345122297057945,-0.02084225
2597,82,0.7841,0.2052084306260344,fc1,0.0002,0.025,0.76325775,0.2345122297057945,-0.02084225
2598,82,0.7841,0.2052084306260344,fc1,0.0004,0.025,0.76325775,0.2345122297057945,-0.02084225
2599,82,0.7841,0.2052084306260344,fc1,0.0006,0.025,0.7196972500000001,0.2825800229862625,-0.0644027499999999
2600,82,0.7841,0.2052084306260344,fc1fc2,0.0001,0.025,0.76325775,0.2345122297057945,-0.02084225
2601,82,0.7841,0.2052084306260344,fc1fc2,0.0002,0.025,0.76325775,0.2345122297057945,-0.02084225
2602,82,0.7841,0.2052084306260344,fc1fc2,0.0004,0.025,0.7424245,0.2671281624195896,-0.0416754999999999
2603,82,0.7841,0.2052084306260344,fc1fc2,0.0006,0.025,0.7424245,0.2671281624195896,-0.0416754999999999
2604,82,0.7841,0.2052084306260344,fc2,0.0001,0.025,0.76325775,0.2345122297057945,-0.02084225
2605,82,0.7841,0.2052084306260344,fc2,0.0002,0.025,0.76325775,0.2345122297057945,-0.02084225
2606,82,0.7841,0.2052084306260344,fc2,0.0004,0.025,0.7196972500000001,0.2825800229862625,-0.0644027499999999
2607,82,0.7841,0.2052084306260344,fc2,0.0006,0.025,0.69469725,0.2523184880085418,-0.0894027499999999
2608,82,0.7841,0.2052084306260344,r1,0.0001,0.025,0.76325775,0.2345122297057945,-0.02084225
2609,82,0.7841,0.2052084306260344,r1,0.0002,0.025,0.76325775,0.2345122297057945,-0.02084225
2610,82,0.7841,0.2052084306260344,r1,0.0004,0.025,0.7424245,0.2671281624195896,-0.0416754999999999
2611,82,0.7841,0.2052084306260344,r1,0.0006,0.025,0.7155305000000001,0.2235053766638885,-0.0685694999999999
2612,82,0.7841,0.2052084306260344,r1fc1fc2,0.0001,0.025,0.76325775,0.2345122297057945,-0.02084225
2613,82,0.7841,0.2052084306260344,r1fc1fc2,0.0002,0.025,0.7424245,0.2671281624195896,-0.0416754999999999
2614,82,0.7841,0.2052084306260344,r1fc1fc2,0.0004,0.025,0.7424245,0.2671281624195896,-0.0416754999999999
2615,82,0.7841,0.2052084306260344,r1fc1fc2,0.0006,0.025,0.76325775,0.2345122297057945,-0.02084225
2628,83,0.625375,0.1357872938336524,fc1,0.0001,0.025,0.58181825,0.1274949543769608,-0.04355675
2629,83,0.625375,0.1357872938336524,fc1,0.0002,0.025,0.55681825,0.1324494119462848,-0.06855675
2630,83,0.625375,0.1357872938336524,fc1,0.0004,0.025,0.5151515,0.2001492223392336,-0.1102235
2631,83,0.625375,0.1357872938336524,fc1,0.0006,0.025,0.5401515,0.2038372174137981,-0.0852235
2632,83,0.625375,0.1357872938336524,fc1fc2,0.0001,0.025,0.58181825,0.1274949543769608,-0.04355675
2633,83,0.625375,0.1357872938336524,fc1fc2,0.0002,0.025,0.55681825,0.1324494119462848,-0.06855675
2634,83,0.625375,0.1357872938336524,fc1fc2,0.0004,0.025,0.5151515,0.2001492223392336,-0.1102235
2635,83,0.625375,0.1357872938336524,fc1fc2,0.0006,0.025,0.5151515,0.2001492223392336,-0.1102235
2636,83,0.625375,0.1357872938336524,fc2,0.0001,0.025,0.58181825,0.1274949543769608,-0.04355675
2637,83,0.625375,0.1357872938336524,fc2,0.0002,0.025,0.58181825,0.1274949543769608,-0.04355675
2638,83,0.625375,0.1357872938336524,fc2,0.0004,0.025,0.56098475,0.164821858761462,-0.0643902499999999
2639,83,0.625375,0.1357872938336524,fc2,0.0006,0.025,0.51742425,0.1796525456102696,-0.1079507499999999
2640,83,0.625375,0.1357872938336524,r1,0.0001,0.025,0.58181825,0.1274949543769608,-0.04355675
2641,83,0.625375,0.1357872938336524,r1,0.0002,0.025,0.55681825,0.1324494119462848,-0.06855675
2642,83,0.625375,0.1357872938336524,r1,0.0004,0.025,0.51136375,0.137967865276363,-0.11401125
2643,83,0.625375,0.1357872938336524,r1,0.0006,0.025,0.5151515,0.2001492223392336,-0.1102235
2644,83,0.625375,0.1357872938336524,r1fc1fc2,0.0001,0.025,0.58181825,0.1274949543769608,-0.04355675
2645,83,0.625375,0.1357872938336524,r1fc1fc2,0.0002,0.025,0.58181825,0.1274949543769608,-0.04355675
2646,83,0.625375,0.1357872938336524,r1fc1fc2,0.0004,0.025,0.4882575,0.1446442452467432,-0.1371175
2647,83,0.625375,0.1357872938336524,r1fc1fc2,0.0006,0.025,0.51742425,0.1796525456102696,-0.1079507499999999
2660,84,0.7772749999999999,0.1136000110035206,fc1,0.0001,0.025,0.77727275,0.1136126643303905,-2.249999999981433e-06
2661,84,0.7772749999999999,0.1136000110035206,fc1,0.0002,0.025,0.7564394999999999,0.1073754573587465,-0.0208355
2662,84,0.7772749999999999,0.1136000110035206,fc1,0.0004,0.025,0.7795455,0.0349143659210169,0.0022705
2663,84,0.7772749999999999,0.1136000110035206,fc1,0.0006,0.025,0.7795455,0.0349143659210169,0.0022705
2664,84,0.7772749999999999,0.1136000110035206,fc1fc2,0.0001,0.025,0.77727275,0.1136126643303905,-2.249999999981433e-06
2665,84,0.7772749999999999,0.1136000110035206,fc1fc2,0.0002,0.025,0.7564394999999999,0.1073754573587465,-0.0208355
2666,84,0.7772749999999999,0.1136000110035206,fc1fc2,0.0004,0.025,0.7795455,0.0349143659210169,0.0022705
2667,84,0.7772749999999999,0.1136000110035206,fc1fc2,0.0006,0.025,0.80227275,0.1012734951978222,0.02499775
2668,84,0.7772749999999999,0.1136000110035206,fc2,0.0001,0.025,0.77727275,0.1136126643303905,-2.249999999981433e-06
2669,84,0.7772749999999999,0.1136000110035206,fc2,0.0002,0.025,0.77727275,0.1136126643303905,-2.249999999981433e-06
2670,84,0.7772749999999999,0.1136000110035206,fc2,0.0004,0.025,0.77727275,0.0909848608482935,-2.249999999981433e-06
2671,84,0.7772749999999999,0.1136000110035206,fc2,0.0006,0.025,0.77727275,0.0909848608482935,-2.249999999981433e-06
2672,84,0.7772749999999999,0.1136000110035206,r1,0.0001,0.025,0.77727275,0.1136126643303905,-2.249999999981433e-06
2673,84,0.7772749999999999,0.1136000110035206,r1,0.0002,0.025,0.77727275,0.0909848608482935,-2.249999999981433e-06
2674,84,0.7772749999999999,0.1136000110035206,r1,0.0004,0.025,0.77727275,0.0909848608482935,-2.249999999981433e-06
2675,84,0.7772749999999999,0.1136000110035206,r1,0.0006,0.025,0.82727275,0.0893040400555876,0.04999775
2676,84,0.7772749999999999,0.1136000110035206,r1fc1fc2,0.0001,0.025,0.77727275,0.1136126643303905,-2.249999999981433e-06
2677,84,0.7772749999999999,0.1136000110035206,r1fc1fc2,0.0002,0.025,0.77537875,0.0619592613651637,-0.0018962499999999
2678,84,0.7772749999999999,0.1136000110035206,r1fc1fc2,0.0004,0.025,0.798106,0.0921910809605065,0.020831
2679,84,0.7772749999999999,0.1136000110035206,r1fc1fc2,0.0006,0.025,0.7814395000000001,0.1013254928913088,0.0041645000000001
2692,85,0.889775,0.0382639408146451,fc1,0.0001,0.025,0.86477275,0.0572744488952097,-0.02500225
2693,85,0.889775,0.0382639408146451,fc1,0.0002,0.025,0.86477275,0.0572744488952097,-0.02500225
2694,85,0.889775,0.0382639408146451,fc1,0.0004,0.025,0.86060625,0.107130378360124,-0.0291687499999999
2695,85,0.889775,0.0382639408146451,fc1,0.0006,0.025,0.86060625,0.107130378360124,-0.0291687499999999
2696,85,0.889775,0.0382639408146451,fc1fc2,0.0001,0.025,0.86477275,0.0572744488952097,-0.02500225
2697,85,0.889775,0.0382639408146451,fc1fc2,0.0002,0.025,0.86477275,0.0572744488952097,-0.02500225
2698,85,0.889775,0.0382639408146451,fc1fc2,0.0004,0.025,0.86060625,0.107130378360124,-0.0291687499999999
2699,85,0.889775,0.0382639408146451,fc1fc2,0.0006,0.025,0.86060625,0.107130378360124,-0.0291687499999999
2700,85,0.889775,0.0382639408146451,fc2,0.0001,0.025,0.86477275,0.0572744488952097,-0.02500225
2701,85,0.889775,0.0382639408146451,fc2,0.0002,0.025,0.86477275,0.0572744488952097,-0.02500225
2702,85,0.889775,0.0382639408146451,fc2,0.0004,0.025,0.86060625,0.107130378360124,-0.0291687499999999
2703,85,0.889775,0.0382639408146451,fc2,0.0006,0.025,0.837879,0.1029784578411103,-0.0518959999999999
2704,85,0.889775,0.0382639408146451,r1,0.0001,0.025,0.86477275,0.0572744488952097,-0.02500225
2705,85,0.889775,0.0382639408146451,r1,0.0002,0.025,0.86060625,0.107130378360124,-0.0291687499999999
2706,85,0.889775,0.0382639408146451,r1,0.0004,0.025,0.8420455,0.0515802501641859,-0.0477294999999999
2707,85,0.889775,0.0382639408146451,r1,0.0006,0.025,0.86477275,0.0572744488952097,-0.02500225
2708,85,0.889775,0.0382639408146451,r1fc1fc2,0.0001,0.025,0.86477275,0.0572744488952097,-0.02500225
2709,85,0.889775,0.0382639408146451,r1fc1fc2,0.0002,0.025,0.86060625,0.107130378360124,-0.0291687499999999
2710,85,0.889775,0.0382639408146451,r1fc1fc2,0.0004,0.025,0.8670455,0.0485539789684292,-0.0227294999999999
2711,85,0.889775,0.0382639408146451,r1fc1fc2,0.0006,0.025,0.86060625,0.107130378360124,-0.0291687499999999
2724,86,0.95645,0.0503828343783872,fc1,0.0001,0.025,0.9314395,0.0462120710384923,-0.0250105
2725,86,0.95645,0.0503828343783872,fc1,0.0002,0.025,0.9314395,0.0462120710384923,-0.0250105
2726,86,0.95645,0.0503828343783872,fc1,0.0004,0.025,0.9314395,0.0462120710384923,-0.0250105
2727,86,0.95645,0.0503828343783872,fc1,0.0006,0.025,0.95416675,0.0533592905585959,-0.00228325
2728,86,0.95645,0.0503828343783872,fc1fc2,0.0001,0.025,0.9314395,0.0462120710384923,-0.0250105
2729,86,0.95645,0.0503828343783872,fc1fc2,0.0002,0.025,0.9314395,0.0462120710384923,-0.0250105
2730,86,0.95645,0.0503828343783872,fc1fc2,0.0004,0.025,0.9314395,0.0462120710384923,-0.0250105
2731,86,0.95645,0.0503828343783872,fc1fc2,0.0006,0.025,0.95416675,0.0533592905585959,-0.00228325
2732,86,0.95645,0.0503828343783872,fc2,0.0001,0.025,0.9314395,0.0462120710384923,-0.0250105
2733,86,0.95645,0.0503828343783872,fc2,0.0002,0.025,0.9314395,0.0462120710384923,-0.0250105
2734,86,0.95645,0.0503828343783872,fc2,0.0004,0.025,0.95416675,0.0533592905585959,-0.00228325
2735,86,0.95645,0.0503828343783872,fc2,0.0006,0.025,0.95416675,0.0533592905585959,-0.00228325
2736,86,0.95645,0.0503828343783872,r1,0.0001,0.025,0.9314395,0.0462120710384923,-0.0250105
2737,86,0.95645,0.0503828343783872,r1,0.0002,0.025,0.9314395,0.0462120710384923,-0.0250105
2738,86,0.95645,0.0503828343783872,r1,0.0004,0.025,0.95416675,0.0533592905585959,-0.00228325
2739,86,0.95645,0.0503828343783872,r1,0.0006,0.025,0.95416675,0.0533592905585959,-0.00228325
2740,86,0.95645,0.0503828343783872,r1fc1fc2,0.0001,0.025,0.9314395,0.0462120710384923,-0.0250105
2741,86,0.95645,0.0503828343783872,r1fc1fc2,0.0002,0.025,0.9314395,0.0462120710384923,-0.0250105
2742,86,0.95645,0.0503828343783872,r1fc1fc2,0.0004,0.025,0.9314395,0.0462120710384923,-0.0250105
2743,86,0.95645,0.0503828343783872,r1fc1fc2,0.0006,0.025,0.95416675,0.0533592905585959,-0.00228325
2756,87,0.557225,0.1059862058634675,fc1,0.0001,0.025,0.5530305,0.0787297279579533,-0.0041944999999999
2757,87,0.557225,0.1059862058634675,fc1,0.0002,0.025,0.60492425,0.0846623419487672,0.04769925
2758,87,0.557225,0.1059862058634675,fc1,0.0004,0.025,0.6484847499999999,0.0760502254582456,0.0912597499999999
2759,87,0.557225,0.1059862058634675,fc1,0.0006,0.025,0.62537875,0.1357753662080005,0.06815375
2760,87,0.557225,0.1059862058634675,fc1fc2,0.0001,0.025,0.5530305,0.0787297279579533,-0.0041944999999999
2761,87,0.557225,0.1059862058634675,fc1fc2,0.0002,0.025,0.584091,0.1005152647976084,0.026866
2762,87,0.557225,0.1059862058634675,fc1fc2,0.0004,0.025,0.6257575,0.0554500467357783,0.0685325
2763,87,0.557225,0.1059862058634675,fc1fc2,0.0006,0.025,0.560985,0.1338166961655632,0.0037599999999999
2764,87,0.557225,0.1059862058634675,fc2,0.0001,0.025,0.5530305,0.0787297279579533,-0.0041944999999999
2765,87,0.557225,0.1059862058634675,fc2,0.0002,0.025,0.5530305,0.0787297279579533,-0.0041944999999999
2766,87,0.557225,0.1059862058634675,fc2,0.0004,0.025,0.559091,0.0698287318420338,0.001866
2767,87,0.557225,0.1059862058634675,fc2,0.0006,0.025,0.55681825,0.1136364999999999,-0.00040675
2768,87,0.557225,0.1059862058634675,r1,0.0001,0.025,0.532197,0.0402656126158951,-0.0250279999999999
2769,87,0.557225,0.1059862058634675,r1,0.0002,0.025,0.6030305,0.0955386661566928,0.0458055
2770,87,0.557225,0.1059862058634675,r1,0.0004,0.025,0.58181825,0.107821012789329,0.02459325
2771,87,0.557225,0.1059862058634675,r1,0.0006,0.025,0.59848475,0.0944189429735897,0.04125975
2772,87,0.557225,0.1059862058634675,r1fc1fc2,0.0001,0.025,0.5571969999999999,0.0444393169689483,-2.8000000000028e-05
2773,87,0.557225,0.1059862058634675,r1fc1fc2,0.0002,0.025,0.6257575,0.0554500467357783,0.0685325
2774,87,0.557225,0.1059862058634675,r1fc1fc2,0.0004,0.025,0.62575775,0.0877742989049186,0.06853275
2775,87,0.557225,0.1059862058634675,r1fc1fc2,0.0006,0.025,0.61931825,0.0990419358567369,0.0620932499999999
2788,90,0.979175,0.0416499999999999,fc1,0.0001,0.025,0.9564395,0.0503943334413701,-0.0227355
2789,90,0.979175,0.0416499999999999,fc1,0.0002,0.025,0.9314395,0.0462120710384923,-0.0477355
2790,90,0.979175,0.0416499999999999,fc1,0.0004,0.025,0.9314395,0.0462120710384923,-0.0477355
2791,90,0.979175,0.0416499999999999,fc1,0.0006,0.025,0.95227275,0.0552355100478849,-0.02690225
2792,90,0.979175,0.0416499999999999,fc1fc2,0.0001,0.025,0.9564395,0.0503943334413701,-0.0227355
2793,90,0.979175,0.0416499999999999,fc1fc2,0.0002,0.025,0.9314395,0.0462120710384923,-0.0477355
2794,90,0.979175,0.0416499999999999,fc1fc2,0.0004,0.025,0.95227275,0.0552355100478849,-0.02690225
2795,90,0.979175,0.0416499999999999,fc1fc2,0.0006,0.025,0.95227275,0.0552355100478849,-0.02690225
2796,90,0.979175,0.0416499999999999,fc2,0.0001,0.025,0.97727275,0.0454545,-0.0019022499999999
2797,90,0.979175,0.0416499999999999,fc2,0.0002,0.025,0.9564395,0.0503943334413701,-0.0227355
2798,90,0.979175,0.0416499999999999,fc2,0.0004,0.025,0.9564395,0.0503943334413701,-0.0227355
2799,90,0.979175,0.0416499999999999,fc2,0.0006,0.025,0.9564395,0.0503943334413701,-0.0227355
2800,90,0.979175,0.0416499999999999,r1,0.0001,0.025,0.935606,0.0805315388031297,-0.0435689999999999
2801,90,0.979175,0.0416499999999999,r1,0.0002,0.025,0.95833325,0.0833334999999999,-0.0208417499999999
2802,90,0.979175,0.0416499999999999,r1,0.0004,0.025,0.9314395,0.0462120710384923,-0.0477355
2803,90,0.979175,0.0416499999999999,r1,0.0006,0.025,0.975,0.0499999999999999,-0.004175
2804,90,0.979175,0.0416499999999999,r1fc1fc2,0.0001,0.025,0.9564395,0.0503943334413701,-0.0227355
2805,90,0.979175,0.0416499999999999,r1fc1fc2,0.0002,0.025,0.93333325,0.0816497941755927,-0.04584175
2806,90,0.979175,0.0416499999999999,r1fc1fc2,0.0004,0.025,0.90871225,0.0745393873795369,-0.07046275
2807,90,0.979175,0.0416499999999999,r1fc1fc2,0.0006,0.025,0.95416675,0.0533592905585959,-0.02500825
2820,91,0.823125,0.1171203476486188,fc1,0.0001,0.025,0.82121225,0.1370017467197042,-0.00191275
2821,91,0.823125,0.1171203476486188,fc1,0.0002,0.025,0.84621225,0.1409089372759939,0.02308725
2822,91,0.823125,0.1171203476486188,fc1,0.0004,0.025,0.84621225,0.1409089372759939,0.02308725
2823,91,0.823125,0.1171203476486188,fc1,0.0006,0.025,0.825379,0.1142265123019462,0.0022539999999999
2824,91,0.823125,0.1171203476486188,fc1fc2,0.0001,0.025,0.82121225,0.1370017467197042,-0.00191275
2825,91,0.823125,0.1171203476486188,fc1fc2,0.0002,0.025,0.84621225,0.1409089372759939,0.02308725
2826,91,0.823125,0.1171203476486188,fc1fc2,0.0004,0.025,0.84621225,0.1409089372759939,0.02308725
2827,91,0.823125,0.1171203476486188,fc1fc2,0.0006,0.025,0.825379,0.1142265123019462,0.0022539999999999
2828,91,0.823125,0.1171203476486188,fc2,0.0001,0.025,0.82121225,0.1370017467197042,-0.00191275
2829,91,0.823125,0.1171203476486188,fc2,0.0002,0.025,0.84621225,0.1409089372759939,0.02308725
2830,91,0.823125,0.1171203476486188,fc2,0.0004,0.025,0.84621225,0.1409089372759939,0.02308725
2831,91,0.823125,0.1171203476486188,fc2,0.0006,0.025,0.82537875,0.1776690276954596,0.00225375
2832,91,0.823125,0.1171203476486188,r1,0.0001,0.025,0.82121225,0.1370017467197042,-0.00191275
2833,91,0.823125,0.1171203476486188,r1,0.0002,0.025,0.84621225,0.1409089372759939,0.02308725
2834,91,0.823125,0.1171203476486188,r1,0.0004,0.025,0.825379,0.1142265123019462,0.0022539999999999
2835,91,0.823125,0.1171203476486188,r1,0.0006,0.025,0.825379,0.1142265123019462,0.0022539999999999
2836,91,0.823125,0.1171203476486188,r1fc1fc2,0.0001,0.025,0.82121225,0.1370017467197042,-0.00191275
2837,91,0.823125,0.1171203476486188,r1fc1fc2,0.0002,0.025,0.84621225,0.1409089372759939,0.02308725
2838,91,0.823125,0.1171203476486188,r1fc1fc2,0.0004,0.025,0.825379,0.1142265123019462,0.0022539999999999
2839,91,0.823125,0.1171203476486188,r1fc1fc2,0.0006,0.025,0.82727275,0.1627691744861928,0.00414775
2852,93,0.6735,0.1738727312337005,fc1,0.0001,0.025,0.67537875,0.2298454917306768,0.00187875
2853,93,0.6735,0.1738727312337005,fc1,0.0002,0.025,0.6545455,0.1911293773172158,-0.0189544999999999
2854,93,0.6735,0.1738727312337005,fc1,0.0004,0.025,0.6545455,0.1911293773172158,-0.0189544999999999
2855,93,0.6735,0.1738727312337005,fc1,0.0006,0.025,0.60681825,0.1413049187333901,-0.0666817499999999
2856,93,0.6735,0.1738727312337005,fc1fc2,0.0001,0.025,0.6545455,0.2245427328453688,-0.0189544999999999
2857,93,0.6735,0.1738727312337005,fc1fc2,0.0002,0.025,0.675379,0.185230386580244,0.0018789999999999
2858,93,0.6735,0.1738727312337005,fc1fc2,0.0004,0.025,0.6545455,0.1911293773172158,-0.0189544999999999
2859,93,0.6735,0.1738727312337005,fc1fc2,0.0006,0.025,0.63181825,0.169349333405587,-0.0416817499999999
2860,93,0.6735,0.1738727312337005,fc2,0.0001,0.025,0.67537875,0.2298454917306768,0.00187875
2861,93,0.6735,0.1738727312337005,fc2,0.0002,0.025,0.69621225,0.1885799439784535,0.0227122499999999
2862,93,0.6735,0.1738727312337005,fc2,0.0004,0.025,0.673485,0.1738861931628462,-1.4999999999987246e-05
2863,93,0.6735,0.1738727312337005,fc2,0.0006,0.025,0.65265175,0.1664983155017391,-0.02084825
2864,93,0.6735,0.1738727312337005,r1,0.0001,0.025,0.67537875,0.2298454917306768,0.00187875
2865,93,0.6735,0.1738727312337005,r1,0.0002,0.025,0.675379,0.185230386580244,0.0018789999999999
2866,93,0.6735,0.1738727312337005,r1,0.0004,0.025,0.6526514999999999,0.135876762311785,-0.0208485
2867,93,0.6735,0.1738727312337005,r1,0.0006,0.025,0.6276515,0.1972741608430595,-0.0458484999999999
2868,93,0.6735,0.1738727312337005,r1fc1fc2,0.0001,0.025,0.6545455,0.2245427328453688,-0.0189544999999999
2869,93,0.6735,0.1738727312337005,r1fc1fc2,0.0002,0.025,0.633712,0.2268967952807326,-0.0397879999999999
2870,93,0.6735,0.1738727312337005,r1fc1fc2,0.0004,0.025,0.633712,0.2268967952807326,-0.0397879999999999
2871,93,0.6735,0.1738727312337005,r1fc1fc2,0.0006,0.025,0.6087119999999999,0.2071141932413131,-0.064788
2884,94,0.711,0.0359174052514933,fc1,0.0001,0.025,0.8443182499999999,0.0859361491161703,0.1333182499999999
2885,94,0.711,0.0359174052514933,fc1,0.0002,0.025,0.8731059999999999,0.1066676868065801,0.1621059999999999
2886,94,0.711,0.0359174052514933,fc1,0.0004,0.025,0.8484849999999999,0.1316526041241368,0.1374849999999999
2887,94,0.711,0.0359174052514933,fc1,0.0006,0.025,0.8484849999999999,0.1316526041241368,0.1374849999999999
2888,94,0.711,0.0359174052514933,fc1fc2,0.0001,0.025,0.84848475,0.1127065664705625,0.13748475
2889,94,0.711,0.0359174052514933,fc1fc2,0.0002,0.025,0.8731059999999999,0.1066676868065801,0.1621059999999999
2890,94,0.711,0.0359174052514933,fc1fc2,0.0004,0.025,0.8484849999999999,0.1316526041241368,0.1374849999999999
2891,94,0.711,0.0359174052514933,fc1fc2,0.0006,0.025,0.8484849999999999,0.1316526041241368,0.1374849999999999
2892,94,0.711,0.0359174052514933,fc2,0.0001,0.025,0.82348475,0.0714265598983786,0.11248475
2893,94,0.711,0.0359174052514933,fc2,0.0002,0.025,0.86931825,0.1166067682065811,0.15831825
2894,94,0.711,0.0359174052514933,fc2,0.0004,0.025,0.8920455,0.0839908062845769,0.1810455
2895,94,0.711,0.0359174052514933,fc2,0.0006,0.025,0.86931825,0.1166067682065811,0.15831825
2896,94,0.711,0.0359174052514933,r1,0.0001,0.025,0.81931825,0.0785678373015956,0.10831825
2897,94,0.711,0.0359174052514933,r1,0.0002,0.025,0.8731059999999999,0.1066676868065801,0.1621059999999999
2898,94,0.711,0.0359174052514933,r1,0.0004,0.025,0.80681825,0.1460502655192724,0.09581825
2899,94,0.711,0.0359174052514933,r1,0.0006,0.025,0.82765175,0.1566520743502938,0.11665175
2900,94,0.711,0.0359174052514933,r1fc1fc2,0.0001,0.025,0.85037875,0.1061282246573298,0.13937875
2901,94,0.711,0.0359174052514933,r1fc1fc2,0.0002,0.025,0.87121225,0.1097831738970807,0.16021225
2902,94,0.711,0.0359174052514933,r1fc1fc2,0.0004,0.025,0.7799245,0.1489446378949798,0.0689245
2903,94,0.711,0.0359174052514933,r1fc1fc2,0.0006,0.025,0.77765175,0.1075179321396358,0.06665175
2916,95,0.783725,0.0992314256338854,fc1,0.0001,0.025,0.80871225,0.1417799478214391,0.02498725
2917,95,0.783725,0.0992314256338854,fc1,0.0002,0.025,0.785606,0.1533152375836574,0.001881
2918,95,0.783725,0.0992314256338854,fc1,0.0004,0.025,0.7420455,0.1726226026558129,-0.0416794999999999
2919,95,0.783725,0.0992314256338854,fc1,0.0006,0.025,0.7670455,0.2069513540609644,-0.0166794999999999
2920,95,0.783725,0.0992314256338854,fc1fc2,0.0001,0.025,0.80871225,0.1417799478214391,0.02498725
2921,95,0.783725,0.0992314256338854,fc1fc2,0.0002,0.025,0.785606,0.1533152375836574,0.001881
2922,95,0.783725,0.0992314256338854,fc1fc2,0.0004,0.025,0.76477275,0.1649841280131213,-0.01895225
2923,95,0.783725,0.0992314256338854,fc1fc2,0.0006,0.025,0.8106059999999999,0.1833898272587658,0.0268809999999999
2924,95,0.783725,0.0992314256338854,fc2,0.0001,0.025,0.78371225,0.0992423142494336,-1.2750000000005812e-05
2925,95,0.783725,0.0992314256338854,fc2,0.0002,0.025,0.78371225,0.0992423142494336,-1.2750000000005812e-05
2926,95,0.783725,0.0992314256338854,fc2,0.0004,0.025,0.76287875,0.1344906752737279,-0.0208462499999999
2927,95,0.783725,0.0992314256338854,fc2,0.0006,0.025,0.785606,0.1533152375836574,0.001881
2928,95,0.783725,0.0992314256338854,r1,0.0001,0.025,0.80871225,0.1417799478214391,0.02498725
2929,95,0.783725,0.0992314256338854,r1,0.0002,0.025,0.8064395,0.1183394362684449,0.0227144999999999
2930,95,0.783725,0.0992314256338854,r1,0.0004,0.025,0.7420455,0.1726226026558129,-0.0416794999999999
2931,95,0.783725,0.0992314256338854,r1,0.0006,0.025,0.7670455,0.2069513540609644,-0.0166794999999999
2932,95,0.783725,0.0992314256338854,r1fc1fc2,0.0001,0.025,0.78371225,0.0992423142494336,-1.2750000000005812e-05
2933,95,0.783725,0.0992314256338854,r1fc1fc2,0.0002,0.025,0.76477275,0.1909947727999817,-0.01895225
2934,95,0.783725,0.0992314256338854,r1fc1fc2,0.0004,0.025,0.78977275,0.21907567924559,0.00604775
2935,95,0.783725,0.0992314256338854,r1fc1fc2,0.0006,0.025,0.78787875,0.1724214557479724,0.0041537499999999
2948,96,0.977275,0.0454499999999999,fc1,0.0001,0.025,0.97727275,0.0454545,-2.249999999981433e-06
2949,96,0.977275,0.0454499999999999,fc1,0.0002,0.025,0.97727275,0.0454545,-2.249999999981433e-06
2950,96,0.977275,0.0454499999999999,fc1,0.0004,0.025,0.97727275,0.0454545,-2.249999999981433e-06
2951,96,0.977275,0.0454499999999999,fc1,0.0006,0.025,0.95227275,0.0552355100478849,-0.02500225
2952,96,0.977275,0.0454499999999999,fc1fc2,0.0001,0.025,0.97727275,0.0454545,-2.249999999981433e-06
2953,96,0.977275,0.0454499999999999,fc1fc2,0.0002,0.025,0.97727275,0.0454545,-2.249999999981433e-06
2954,96,0.977275,0.0454499999999999,fc1fc2,0.0004,0.025,0.97727275,0.0454545,-2.249999999981433e-06
2955,96,0.977275,0.0454499999999999,fc1fc2,0.0006,0.025,0.97727275,0.0454545,-2.249999999981433e-06
2956,96,0.977275,0.0454499999999999,fc2,0.0001,0.025,0.97727275,0.0454545,-2.249999999981433e-06
2957,96,0.977275,0.0454499999999999,fc2,0.0002,0.025,0.97727275,0.0454545,-2.249999999981433e-06
2958,96,0.977275,0.0454499999999999,fc2,0.0004,0.025,0.97727275,0.0454545,-2.249999999981433e-06
2959,96,0.977275,0.0454499999999999,fc2,0.0006,0.025,0.97727275,0.0454545,-2.249999999981433e-06
2960,96,0.977275,0.0454499999999999,r1,0.0001,0.025,0.97727275,0.0454545,-2.249999999981433e-06
2961,96,0.977275,0.0454499999999999,r1,0.0002,0.025,0.975,0.0499999999999999,-0.002275
2962,96,0.977275,0.0454499999999999,r1,0.0004,0.025,0.95416675,0.0533592905585959,-0.02310825
2963,96,0.977275,0.0454499999999999,r1,0.0006,0.025,0.95227275,0.0552355100478849,-0.02500225
2964,96,0.977275,0.0454499999999999,r1fc1fc2,0.0001,0.025,0.97727275,0.0454545,-2.249999999981433e-06
2965,96,0.977275,0.0454499999999999,r1fc1fc2,0.0002,0.025,0.97727275,0.0454545,-2.249999999981433e-06
2966,96,0.977275,0.0454499999999999,r1fc1fc2,0.0004,0.025,0.975,0.0499999999999999,-0.002275
2967,96,0.977275,0.0454499999999999,r1fc1fc2,0.0006,0.025,0.97727275,0.0454545,-2.249999999981433e-06
2980,97,0.86895,0.0795933204902689,fc1,0.0001,0.025,0.84621225,0.0772430920595277,-0.02273775
2981,97,0.86895,0.0795933204902689,fc1,0.0002,0.025,0.82348475,0.0714265598983786,-0.04546525
2982,97,0.86895,0.0795933204902689,fc1,0.0004,0.025,0.7757575,0.0942481176629008,-0.0931925
2983,97,0.86895,0.0795933204902689,fc1,0.0006,0.025,0.7757575,0.0942481176629008,-0.0931925
2984,97,0.86895,0.0795933204902689,fc1fc2,0.0001,0.025,0.84621225,0.0772430920595277,-0.02273775
2985,97,0.86895,0.0795933204902689,fc1fc2,0.0002,0.025,0.82348475,0.0714265598983786,-0.04546525
2986,97,0.86895,0.0795933204902689,fc1fc2,0.0004,0.025,0.79848475,0.0500073673797171,-0.07046525
2987,97,0.86895,0.0795933204902689,fc1fc2,0.0006,0.025,0.8007575,0.1140126060997934,-0.0681924999999999
2988,97,0.86895,0.0795933204902689,fc2,0.0001,0.025,0.84621225,0.0772430920595277,-0.02273775
2989,97,0.86895,0.0795933204902689,fc2,0.0002,0.025,0.823485,0.0986478999911639,-0.0454649999999999
2990,97,0.86895,0.0795933204902689,fc2,0.0004,0.025,0.80075775,0.1327725280881428,-0.0681922499999999
2991,97,0.86895,0.0795933204902689,fc2,0.0006,0.025,0.77575775,0.1162428243588251,-0.0931922499999999
2992,97,0.86895,0.0795933204902689,r1,0.0001,0.025,0.84621225,0.0772430920595277,-0.02273775
2993,97,0.86895,0.0795933204902689,r1,0.0002,0.025,0.82348475,0.0714265598983786,-0.04546525
2994,97,0.86895,0.0795933204902689,r1,0.0004,0.025,0.82348475,0.0714265598983786,-0.04546525
2995,97,0.86895,0.0795933204902689,r1,0.0006,0.025,0.82348475,0.0714265598983786,-0.04546525
2996,97,0.86895,0.0795933204902689,r1fc1fc2,0.0001,0.025,0.84621225,0.0772430920595277,-0.02273775
2997,97,0.86895,0.0795933204902689,r1fc1fc2,0.0002,0.025,0.82348475,0.0714265598983786,-0.04546525
2998,97,0.86895,0.0795933204902689,r1fc1fc2,0.0004,0.025,0.82348475,0.0714265598983786,-0.04546525
2999,97,0.86895,0.0795933204902689,r1fc1fc2,0.0006,0.025,0.7776514999999999,0.0479669455945098,-0.0912985
3012,98,0.7356,0.1351200207223193,fc1,0.0001,0.025,0.71477275,0.1686674338362822,-0.02082725
3013,98,0.7356,0.1351200207223193,fc1,0.0002,0.025,0.73977275,0.1438909743390807,0.0041727499999999
3014,98,0.7356,0.1351200207223193,fc1,0.0004,0.025,0.73977275,0.1731007025893213,0.0041727499999999
3015,98,0.7356,0.1351200207223193,fc1,0.0006,0.025,0.73977275,0.1438909743390807,0.0041727499999999
3016,98,0.7356,0.1351200207223193,fc1fc2,0.0001,0.025,0.71477275,0.1686674338362822,-0.02082725
3017,98,0.7356,0.1351200207223193,fc1fc2,0.0002,0.025,0.73977275,0.1438909743390807,0.0041727499999999
3018,98,0.7356,0.1351200207223193,fc1fc2,0.0004,0.025,0.7189395000000001,0.1764419796316435,-0.0166604999999999
3019,98,0.7356,0.1351200207223193,fc1fc2,0.0006,0.025,0.698106,0.1891347722533678,-0.037494
3020,98,0.7356,0.1351200207223193,fc2,0.0001,0.025,0.71477275,0.1385260354455074,-0.02082725
3021,98,0.7356,0.1351200207223193,fc2,0.0002,0.025,0.71477275,0.1385260354455074,-0.02082725
3022,98,0.7356,0.1351200207223193,fc2,0.0004,0.025,0.67121225,0.1313559233694849,-0.06438775
3023,98,0.7356,0.1351200207223193,fc2,0.0006,0.025,0.7170455,0.111843740133277,-0.0185545
3024,98,0.7356,0.1351200207223193,r1,0.0001,0.025,0.73977275,0.1438909743390807,0.0041727499999999
3025,98,0.7356,0.1351200207223193,r1,0.0002,0.025,0.73977275,0.1438909743390807,0.0041727499999999
3026,98,0.7356,0.1351200207223193,r1,0.0004,0.025,0.67348475,0.1082496503100587,-0.06211525
3027,98,0.7356,0.1351200207223193,r1,0.0006,0.025,0.698106,0.1891347722533678,-0.037494
3028,98,0.7356,0.1351200207223193,r1fc1fc2,0.0001,0.025,0.6939394999999999,0.1680111271404367,-0.0416605000000001
3029,98,0.7356,0.1351200207223193,r1fc1fc2,0.0002,0.025,0.71477275,0.1385260354455074,-0.02082725
3030,98,0.7356,0.1351200207223193,r1fc1fc2,0.0004,0.025,0.71893925,0.1627950073935009,-0.01666075
3031,98,0.7356,0.1351200207223193,r1fc1fc2,0.0006,0.025,0.71893925,0.1627950073935009,-0.01666075
3044,99,0.790175,0.1550665959085536,fc1,0.0001,0.025,0.7901517499999999,0.1550522946135163,-2.325000000003019e-05
3045,99,0.790175,0.1550665959085536,fc1,0.0002,0.025,0.76931825,0.1369257891155521,-0.0208567499999999
3046,99,0.790175,0.1550665959085536,fc1,0.0004,0.025,0.7651515,0.2093980528475213,-0.0250234999999999
3047,99,0.790175,0.1550665959085536,fc1,0.0006,0.025,0.72348475,0.157154976988481,-0.0666902499999999
3048,99,0.790175,0.1550665959085536,fc1fc2,0.0001,0.025,0.7901517499999999,0.1550522946135163,-2.325000000003019e-05
3049,99,0.790175,0.1550665959085536,fc1fc2,0.0002,0.025,0.76931825,0.1369257891155521,-0.0208567499999999
3050,99,0.790175,0.1550665959085536,fc1fc2,0.0004,0.025,0.74431825,0.1803789207702773,-0.04585675
3051,99,0.790175,0.1550665959085536,fc1fc2,0.0006,0.025,0.72348475,0.157154976988481,-0.0666902499999999
3052,99,0.790175,0.1550665959085536,fc2,0.0001,0.025,0.7901517499999999,0.1550522946135163,-2.325000000003019e-05
3053,99,0.790175,0.1550665959085536,fc2,0.0002,0.025,0.7901517499999999,0.1550522946135163,-2.325000000003019e-05
3054,99,0.790175,0.1550665959085536,fc2,0.0004,0.025,0.76515175,0.1980353438107703,-0.0250232499999999
3055,99,0.790175,0.1550665959085536,fc2,0.0006,0.025,0.72348475,0.157154976988481,-0.0666902499999999
3056,99,0.790175,0.1550665959085536,r1,0.0001,0.025,0.7901517499999999,0.1550522946135163,-2.325000000003019e-05
3057,99,0.790175,0.1550665959085536,r1,0.0002,0.025,0.76931825,0.1369257891155521,-0.0208567499999999
3058,99,0.790175,0.1550665959085536,r1,0.0004,0.025,0.74431825,0.1803789207702773,-0.04585675
3059,99,0.790175,0.1550665959085536,r1,0.0006,0.025,0.7734847499999999,0.0699980008684772,-0.01669025
3060,99,0.790175,0.1550665959085536,r1fc1fc2,0.0001,0.025,0.7901517499999999,0.1550522946135163,-2.325000000003019e-05
3061,99,0.790175,0.1550665959085536,r1fc1fc2,0.0002,0.025,0.76931825,0.1369257891155521,-0.0208567499999999
3062,99,0.790175,0.1550665959085536,r1fc1fc2,0.0004,0.025,0.76931825,0.1369257891155521,-0.0208567499999999
3063,99,0.790175,0.1550665959085536,r1fc1fc2,0.0006,0.025,0.7276515,0.0965454704772144,-0.0625234999999999
3076,101,1.0,0.0,fc1,0.0001,0.025,1.0,0.0,0.0
3077,101,1.0,0.0,fc1,0.0002,0.025,1.0,0.0,0.0
3078,101,1.0,0.0,fc1,0.0004,0.025,1.0,0.0,0.0
3079,101,1.0,0.0,fc1,0.0006,0.025,1.0,0.0,0.0
3080,101,1.0,0.0,fc1fc2,0.0001,0.025,1.0,0.0,0.0
3081,101,1.0,0.0,fc1fc2,0.0002,0.025,1.0,0.0,0.0
3082,101,1.0,0.0,fc1fc2,0.0004,0.025,1.0,0.0,0.0
3083,101,1.0,0.0,fc1fc2,0.0006,0.025,1.0,0.0,0.0
3084,101,1.0,0.0,fc2,0.0001,0.025,1.0,0.0,0.0
3085,101,1.0,0.0,fc2,0.0002,0.025,1.0,0.0,0.0
3086,101,1.0,0.0,fc2,0.0004,0.025,1.0,0.0,0.0
3087,101,1.0,0.0,fc2,0.0006,0.025,1.0,0.0,0.0
3088,101,1.0,0.0,r1,0.0001,0.025,1.0,0.0,0.0
3089,101,1.0,0.0,r1,0.0002,0.025,0.97727275,0.0454545,-0.0227272499999999
3090,101,1.0,0.0,r1,0.0004,0.025,1.0,0.0,0.0
3091,101,1.0,0.0,r1,0.0006,0.025,1.0,0.0,0.0
3092,101,1.0,0.0,r1fc1fc2,0.0001,0.025,1.0,0.0,0.0
3093,101,1.0,0.0,r1fc1fc2,0.0002,0.025,1.0,0.0,0.0
3094,101,1.0,0.0,r1fc1fc2,0.0004,0.025,1.0,0.0,0.0
3095,101,1.0,0.0,r1fc1fc2,0.0006,0.025,1.0,0.0,0.0
3108,102,0.819325,0.0785689665198671,fc1,0.0001,0.025,0.8420455,0.0515802501641859,0.0227205
3109,102,0.819325,0.0785689665198671,fc1,0.0002,0.025,0.8420455,0.0515802501641859,0.0227205
3110,102,0.819325,0.0785689665198671,fc1,0.0004,0.025,0.77537875,0.0619592613651637,-0.0439462499999999
3111,102,0.819325,0.0785689665198671,fc1,0.0006,0.025,0.77537875,0.0619592613651637,-0.0439462499999999
3112,102,0.819325,0.0785689665198671,fc1fc2,0.0001,0.025,0.8420455,0.0515802501641859,0.0227205
3113,102,0.819325,0.0785689665198671,fc1fc2,0.0002,0.025,0.82121225,0.069861615146779,0.00188725
3114,102,0.819325,0.0785689665198671,fc1fc2,0.0004,0.025,0.77537875,0.0619592613651637,-0.0439462499999999
3115,102,0.819325,0.0785689665198671,fc1fc2,0.0006,0.025,0.77537875,0.0619592613651637,-0.0439462499999999
3116,102,0.819325,0.0785689665198671,fc2,0.0001,0.025,0.8420455,0.0515802501641859,0.0227205
3117,102,0.819325,0.0785689665198671,fc2,0.0002,0.025,0.8420455,0.0515802501641859,0.0227205
3118,102,0.819325,0.0785689665198671,fc2,0.0004,0.025,0.821212,0.0158426336825667,0.001887
3119,102,0.819325,0.0785689665198671,fc2,0.0006,0.025,0.80037875,0.0362450006058306,-0.0189462499999999
3120,102,0.819325,0.0785689665198671,r1,0.0001,0.025,0.8420455,0.0515802501641859,0.0227205
3121,102,0.819325,0.0785689665198671,r1,0.0002,0.025,0.77537875,0.0619592613651637,-0.0439462499999999
3122,102,0.819325,0.0785689665198671,r1,0.0004,0.025,0.798106,0.0921910809605065,-0.0212189999999999
3123,102,0.819325,0.0785689665198671,r1,0.0006,0.025,0.821212,0.0158426336825667,0.001887
3124,102,0.819325,0.0785689665198671,r1fc1fc2,0.0001,0.025,0.8420455,0.0515802501641859,0.0227205
3125,102,0.819325,0.0785689665198671,r1fc1fc2,0.0002,0.025,0.84393925,0.0461894407007705,0.02461425
3126,102,0.819325,0.0785689665198671,r1fc1fc2,0.0004,0.025,0.8416665,0.1228519283378707,0.0223415
3127,102,0.819325,0.0785689665198671,r1fc1fc2,0.0006,0.025,0.8420455,0.0515802501641859,0.0227205
3140,103,0.77765,0.047944725118272,fc1,0.0001,0.025,0.848106,0.0736097507716652,0.070456
3141,103,0.77765,0.047944725118272,fc1,0.0002,0.025,0.846212,0.0365630374649955,0.068562
3142,103,0.77765,0.047944725118272,fc1,0.0004,0.025,0.8045455,0.0985506918984674,0.0268955
3143,103,0.77765,0.047944725118272,fc1,0.0006,0.025,0.8045455,0.0985506918984674,0.0268955
3144,103,0.77765,0.047944725118272,fc1fc2,0.0001,0.025,0.848106,0.0736097507716652,0.070456
3145,103,0.77765,0.047944725118272,fc1fc2,0.0002,0.025,0.846212,0.0365630374649955,0.068562
3146,103,0.77765,0.047944725118272,fc1fc2,0.0004,0.025,0.7795455,0.0764761762925771,0.0018955
3147,103,0.77765,0.047944725118272,fc1fc2,0.0006,0.025,0.82537875,0.0615503864237801,0.0477287500000001
3148,103,0.77765,0.047944725118272,fc2,0.0001,0.025,0.848106,0.0736097507716652,0.070456
3149,103,0.77765,0.047944725118272,fc2,0.0002,0.025,0.848106,0.0736097507716652,0.070456
3150,103,0.77765,0.047944725118272,fc2,0.0004,0.025,0.88977275,0.0382384513666109,0.11212275
3151,103,0.77765,0.047944725118272,fc2,0.0006,0.025,0.88977275,0.0382384513666109,0.11212275
3152,103,0.77765,0.047944725118272,r1,0.0001,0.025,0.848106,0.0736097507716652,0.070456
3153,103,0.77765,0.047944725118272,r1,0.0002,0.025,0.82537875,0.0615503864237802,0.0477287500000001
3154,103,0.77765,0.047944725118272,r1,0.0004,0.025,0.8443182499999999,0.0859361491161703,0.0666682499999999
3155,103,0.77765,0.047944725118272,r1,0.0006,0.025,0.8045455,0.0712926804167159,0.0268955
3156,103,0.77765,0.047944725118272,r1fc1fc2,0.0001,0.025,0.848106,0.0736097507716652,0.070456
3157,103,0.77765,0.047944725118272,r1fc1fc2,0.0002,0.025,0.82537875,0.0615503864237801,0.0477287500000001
3158,103,0.77765,0.047944725118272,r1fc1fc2,0.0004,0.025,0.82348475,0.0714265598983786,0.04583475
3159,103,0.77765,0.047944725118272,r1fc1fc2,0.0006,0.025,0.82348475,0.0714265598983786,0.04583475
3172,105,0.93145,0.0462071062355853,fc1,0.0001,0.025,0.9314395,0.0462120710384923,-1.050000000002438e-05
3173,105,0.93145,0.0462071062355853,fc1,0.0002,0.025,0.910606,0.0685010613689062,-0.0208439999999999
3174,105,0.93145,0.0462071062355853,fc1,0.0004,0.025,0.910606,0.0685010613689062,-0.0208439999999999
3175,105,0.93145,0.0462071062355853,fc1,0.0006,0.025,0.95416675,0.0533592905585959,0.0227167499999999
3176,105,0.93145,0.0462071062355853,fc1fc2,0.0001,0.025,0.9314395,0.0462120710384923,-1.050000000002438e-05
3177,105,0.93145,0.0462071062355853,fc1fc2,0.0002,0.025,0.910606,0.0685010613689062,-0.0208439999999999
3178,105,0.93145,0.0462071062355853,fc1fc2,0.0004,0.025,0.9314395,0.0462120710384923,-1.050000000002438e-05
3179,105,0.93145,0.0462071062355853,fc1fc2,0.0006,0.025,0.95416675,0.0533592905585959,0.0227167499999999
3180,105,0.93145,0.0462071062355853,fc2,0.0001,0.025,0.9314395,0.0462120710384923,-1.050000000002438e-05
3181,105,0.93145,0.0462071062355853,fc2,0.0002,0.025,0.9314395,0.0462120710384923,-1.050000000002438e-05
3182,105,0.93145,0.0462071062355853,fc2,0.0004,0.025,0.9314395,0.0462120710384923,-1.050000000002438e-05
3183,105,0.93145,0.0462071062355853,fc2,0.0006,0.025,0.9314395,0.0462120710384923,-1.050000000002438e-05
3184,105,0.93145,0.0462071062355853,r1,0.0001,0.025,0.9314395,0.0462120710384923,-1.050000000002438e-05
3185,105,0.93145,0.0462071062355853,r1,0.0002,0.025,0.910606,0.0685010613689062,-0.0208439999999999
3186,105,0.93145,0.0462071062355853,r1,0.0004,0.025,0.9314395,0.0462120710384923,-1.050000000002438e-05
3187,105,0.93145,0.0462071062355853,r1,0.0006,0.025,0.910606,0.0685010613689062,-0.0208439999999999
3188,105,0.93145,0.0462071062355853,r1fc1fc2,0.0001,0.025,0.9314395,0.0462120710384923,-1.050000000002438e-05
3189,105,0.93145,0.0462071062355853,r1fc1fc2,0.0002,0.025,0.910606,0.0685010613689062,-0.0208439999999999
3190,105,0.93145,0.0462071062355853,r1fc1fc2,0.0004,0.025,0.93333325,0.0816497941755927,0.00188325
3191,105,0.93145,0.0462071062355853,r1fc1fc2,0.0006,0.025,0.93333325,0.0816497941755927,0.00188325
3204,107,0.778425,0.0468538418915674,fc1,0.0001,0.025,0.7784092499999999,0.0468534766933042,-1.575000000009208e-05
3205,107,0.778425,0.0468538418915674,fc1,0.0002,0.025,0.755682,0.0430220009065129,-0.022743
3206,107,0.778425,0.0468538418915674,fc1,0.0004,0.025,0.755682,0.0430220009065129,-0.022743
3207,107,0.778425,0.0468538418915674,fc1,0.0006,0.025,0.755682,0.0430220009065129,-0.022743
3208,107,0.778425,0.0468538418915674,fc1fc2,0.0001,0.025,0.7784092499999999,0.0468534766933042,-1.575000000009208e-05
3209,107,0.778425,0.0468538418915674,fc1fc2,0.0002,0.025,0.755682,0.0430220009065129,-0.022743
3210,107,0.778425,0.0468538418915674,fc1fc2,0.0004,0.025,0.755682,0.0430220009065129,-0.022743
3211,107,0.778425,0.0468538418915674,fc1fc2,0.0006,0.025,0.73295475,0.0113634999999999,-0.04547025
3212,107,0.778425,0.0468538418915674,fc2,0.0001,0.025,0.755682,0.0430220009065129,-0.022743
3213,107,0.778425,0.0468538418915674,fc2,0.0002,0.025,0.755682,0.0430220009065129,-0.022743
3214,107,0.778425,0.0468538418915674,fc2,0.0004,0.025,0.755682,0.0430220009065129,-0.022743
3215,107,0.778425,0.0468538418915674,fc2,0.0006,0.025,0.73295475,0.0113634999999999,-0.04547025
3216,107,0.778425,0.0468538418915674,r1,0.0001,0.025,0.7784092499999999,0.0468534766933042,-1.575000000009208e-05
3217,107,0.778425,0.0468538418915674,r1,0.0002,0.025,0.755682,0.0430220009065129,-0.022743
3218,107,0.778425,0.0468538418915674,r1,0.0004,0.025,0.755682,0.0430220009065129,-0.022743
3219,107,0.778425,0.0468538418915674,r1,0.0006,0.025,0.7102275,0.0503943334413701,-0.0681975
3220,107,0.778425,0.0468538418915674,r1fc1fc2,0.0001,0.025,0.7784092499999999,0.0468534766933042,-1.575000000009208e-05
3221,107,0.778425,0.0468538418915674,r1fc1fc2,0.0002,0.025,0.755682,0.0430220009065129,-0.022743
3222,107,0.778425,0.0468538418915674,r1fc1fc2,0.0004,0.025,0.755682,0.0430220009065129,-0.022743
3223,107,0.778425,0.0468538418915674,r1fc1fc2,0.0006,0.025,0.755682,0.0857934928534792,-0.022743
3236,108,0.870825,0.1057420879624885,fc1,0.0001,0.025,0.82727275,0.1122711190062549,-0.0435522499999999
3237,108,0.870825,0.1057420879624885,fc1,0.0002,0.025,0.8064392499999999,0.1525239525416145,-0.06438575
3238,108,0.870825,0.1057420879624885,fc1,0.0004,0.025,0.82727275,0.1122711190062549,-0.0435522499999999
3239,108,0.870825,0.1057420879624885,fc1,0.0006,0.025,0.82727275,0.1122711190062549,-0.0435522499999999
3240,108,0.870825,0.1057420879624885,fc1fc2,0.0001,0.025,0.82727275,0.1122711190062549,-0.0435522499999999
3241,108,0.870825,0.1057420879624885,fc1fc2,0.0002,0.025,0.8064392499999999,0.1525239525416145,-0.06438575
3242,108,0.870825,0.1057420879624885,fc1fc2,0.0004,0.025,0.8064392499999999,0.1525239525416145,-0.06438575
3243,108,0.870825,0.1057420879624885,fc1fc2,0.0006,0.025,0.82727275,0.1627691744861928,-0.0435522499999999
3244,108,0.870825,0.1057420879624885,fc2,0.0001,0.025,0.82727275,0.1122711190062549,-0.0435522499999999
3245,108,0.870825,0.1057420879624885,fc2,0.0002,0.025,0.8045455,0.0985506918984674,-0.0662794999999999
3246,108,0.870825,0.1057420879624885,fc2,0.0004,0.025,0.8064392499999999,0.1525239525416145,-0.06438575
3247,108,0.870825,0.1057420879624885,fc2,0.0006,0.025,0.8064392499999999,0.1525239525416145,-0.06438575
3248,108,0.870825,0.1057420879624885,r1,0.0001,0.025,0.85,0.1401056479684765,-0.0208249999999999
3249,108,0.870825,0.1057420879624885,r1,0.0002,0.025,0.8064392499999999,0.1525239525416145,-0.06438575
3250,108,0.870825,0.1057420879624885,r1,0.0004,0.025,0.82727275,0.1122711190062549,-0.0435522499999999
3251,108,0.870825,0.1057420879624885,r1,0.0006,0.025,0.82727275,0.1122711190062549,-0.0435522499999999
3252,108,0.870825,0.1057420879624885,r1fc1fc2,0.0001,0.025,0.82727275,0.1122711190062549,-0.0435522499999999
3253,108,0.870825,0.1057420879624885,r1fc1fc2,0.0002,0.025,0.8064392499999999,0.1525239525416145,-0.06438575
3254,108,0.870825,0.1057420879624885,r1fc1fc2,0.0004,0.025,0.8708335,0.1429677573079562,8.50000000007789e-06
3255,108,0.870825,0.1057420879624885,r1fc1fc2,0.0006,0.025,0.89166675,0.1040833266614623,0.0208417499999999
3268,109,0.642425,0.1397072266085998,fc1,0.0001,0.025,0.646591,0.1082273153629279,0.004166
3269,109,0.642425,0.1397072266085998,fc1,0.0002,0.025,0.64621225,0.1781124044087048,0.00378725
3270,109,0.642425,0.1397072266085998,fc1,0.0004,0.025,0.66931825,0.1147146276588851,0.0268932499999999
3271,109,0.642425,0.1397072266085998,fc1,0.0006,0.025,0.66931825,0.1147146276588851,0.0268932499999999
3272,109,0.642425,0.1397072266085998,fc1fc2,0.0001,0.025,0.646591,0.1082273153629279,0.004166
3273,109,0.642425,0.1397072266085998,fc1fc2,0.0002,0.025,0.67121225,0.1764743945664167,0.0287872499999999
3274,109,0.642425,0.1397072266085998,fc1fc2,0.0004,0.025,0.66931825,0.1147146276588851,0.0268932499999999
3275,109,0.642425,0.1397072266085998,fc1fc2,0.0006,0.025,0.673485,0.1738861931628462,0.0310599999999999
3276,109,0.642425,0.1397072266085998,fc2,0.0001,0.025,0.66742425,0.1385430275314615,0.02499925
3277,109,0.642425,0.1397072266085998,fc2,0.0002,0.025,0.646591,0.1082273153629279,0.004166
3278,109,0.642425,0.1397072266085998,fc2,0.0004,0.025,0.66742425,0.1385430275314615,0.02499925
3279,109,0.642425,0.1397072266085998,fc2,0.0006,0.025,0.671591,0.1333182350268209,0.029166
3280,109,0.642425,0.1397072266085998,r1,0.0001,0.025,0.646591,0.1082273153629279,0.004166
3281,109,0.642425,0.1397072266085998,r1,0.0002,0.025,0.6689395,0.2102677788987176,0.0265144999999999
3282,109,0.642425,0.1397072266085998,r1,0.0004,0.025,0.64621225,0.1781124044087048,0.00378725
3283,109,0.642425,0.1397072266085998,r1,0.0006,0.025,0.62575775,0.1469461155716044,-0.01666725
3284,109,0.642425,0.1397072266085998,r1fc1fc2,0.0001,0.025,0.646591,0.1082273153629279,0.004166
3285,109,0.642425,0.1397072266085998,r1fc1fc2,0.0002,0.025,0.67121225,0.1764743945664167,0.0287872499999999
3286,109,0.642425,0.1397072266085998,r1fc1fc2,0.0004,0.025,0.67121225,0.1764743945664167,0.0287872499999999
3287,109,0.642425,0.1397072266085998,r1fc1fc2,0.0006,0.025,0.723106,0.2122849391941563,0.080681
